ResName1,ResName2,r_max,r_min
ALA,ALA,3.7835816240289377,3.1385036741172017
ALA,SER,3.9532243580105,3.1409264862769426
ALA,PRO,4.374835001796661,3.4098697645041893
ALA,VAL,4.713727088106461,3.0690213491362672
ALA,THR,4.451957150157947,3.078761724736851
ALA,CYS,3.868764528074796,3.0152721090803287
ALA,ILE,4.708033697512335,3.3985281287653697
ALA,LEU,4.45653172476401,3.2393664785971836
ALA,ASN,4.141401973719299,3.270920376534564
ALA,ASP,4.310604733220551,3.154983260189445
ALA,GLN,4.612580970452745,3.2467704630277234
ALA,LYS,4.455513646380043,3.5183505492268736
ALA,GLU,4.616578594804567,2.846714198272264
ALA,MET,4.208172310071825,3.4088966713641637
ALA,HIS,4.180283698436135,3.1630422545515926
ALA,PHE,4.927850047190309,3.36056700700122
ALA,ARG,4.856297443531725,3.1651033257408265
ALA,TYR,4.896750412850603,3.3507935852251665
ALA,TRP,5.236485888727454,3.3314573525347457
SER,SER,4.359304789243293,3.198264433781049
SER,PRO,4.323022396236056,3.1091631014652217
SER,VAL,4.2718667448999454,3.4113666802051514
SER,THR,4.547017690106588,3.236274424714748
SER,CYS,4.2439670230464035,3.176515424815598
SER,ILE,4.792703293205184,2.905342124019268
SER,LEU,4.72560129454774,3.04113042612443
SER,ASN,4.646894483744138,3.34463507823578
SER,ASP,3.7185390867398818,3.013372735974578
SER,GLN,4.5533692320945365,3.024015368876744
SER,LYS,4.350098612552212,3.2421609311600386
SER,GLU,4.048058666702718,3.258734469620007
SER,MET,5.140507947857981,3.4416549233685427
SER,HIS,4.257428255253904,3.5611572392867084
SER,PHE,4.850532522563224,3.3931267721434297
SER,ARG,4.9907774825345985,2.9410088638335607
SER,TYR,4.985623821277885,3.275489254357624
SER,TRP,5.014418350835954,3.4351777537230404
PRO,PRO,5.581590320952731,4.159008727934937
PRO,VAL,4.9875802517466,3.5847299320633215
PRO,THR,5.085765015684203,3.8702500132122655
PRO,CYS,4.464391507207958,2.9108625632261877
PRO,ILE,5.361560281230023,4.178803071934748
PRO,LEU,5.606541626445198,3.826007085854704
PRO,ASN,5.230506020482787,3.4516864370697093
PRO,ASP,4.860783137335197,3.635543217785918
PRO,GLN,4.5198955287156455,3.336450417070496
PRO,LYS,5.771428526709991,3.477202498738067
PRO,GLU,5.117024286798962,3.6322069557030217
PRO,MET,5.112363333820898,3.6495234595365496
PRO,HIS,4.215466200083078,3.7470874427156415
PRO,PHE,4.909470370591603,3.785885751351714
PRO,ARG,4.942235843146259,3.523793964700884
PRO,TYR,4.6202348100996655,3.6062968243418463
PRO,TRP,4.555652929362825,3.5139921746263942
VAL,VAL,4.929237512126635,3.718176634133084
VAL,THR,5.029595903643937,2.965715618377719
VAL,CYS,4.9390104573344935,3.479706687351153
VAL,ILE,6.05993384036273,3.7090935331851806
VAL,LEU,5.6361322386506245,3.7561161570922637
VAL,ASN,4.862053601697067,3.776137987346402
VAL,ASP,4.953658361688959,3.0549832789640337
VAL,GLN,5.1172144227571765,3.6761271017711743
VAL,LYS,5.316432226812446,3.9779869601698814
VAL,GLU,5.335795649371326,3.489795659603424
VAL,MET,5.152732746858451,3.810124382241512
VAL,HIS,5.253552095833167,3.696918857171737
VAL,PHE,5.323314688675325,3.684757677060904
VAL,ARG,5.1385642417483695,3.6737042099261976
VAL,TYR,4.988679046079545,3.5586028814509088
VAL,TRP,5.804079320129678,3.6394746238319313
THR,THR,5.234950782829124,3.527006967637236
THR,CYS,4.816939434327394,3.187758555523616
THR,ILE,5.074546102117637,3.648808411993578
THR,LEU,5.4731967725634165,3.4527232452152687
THR,ASN,4.5465446067541615,3.5704220186634563
THR,ASP,4.000976469813423,3.243499897062609
THR,GLN,5.265517169982443,3.331843705927984
THR,LYS,5.150923294202414,3.2686791392298162
THR,GLU,5.035256151859139,2.54459978741722
THR,MET,5.482629431443646,3.7442171924199266
THR,HIS,4.7446744770167575,3.383453665508299
THR,PHE,5.6840466066858575,3.247746320852571
THR,ARG,5.179249382492509,3.5294627291804344
THR,TYR,5.4807961849014415,3.625804345332478
THR,TRP,5.102014896000625,3.3199790052989218
CYS,CYS,2.223634549724424,2.062640965053271
CYS,ILE,4.83704720793148,3.5614646497079847
CYS,LEU,4.784252248568807,3.8748344715629712
CYS,ASN,4.248815621008289,3.5315407752108863
CYS,ASP,4.084397193971767,3.6715201174728658
CYS,GLN,4.388783728572076,3.5754968526379
CYS,LYS,4.599122483475281,3.86974766613579
CYS,GLU,4.616009558691363,3.4067212149751365
CYS,MET,5.068105374756762,3.8547166136187663
CYS,HIS,4.898720657870731,3.4130165775331003
CYS,PHE,4.9183845214845965,3.524322719950452
CYS,ARG,5.066622587087754,3.6992981895247214
CYS,TYR,5.081239943394302,3.6791039107168313
CYS,TRP,5.157196450522855,3.5402191871086366
ILE,ILE,5.273081555200934,3.5871012210549726
ILE,LEU,5.6055611922894375,3.0411193494907134
ILE,ASN,5.573407744708552,2.651419619283991
ILE,ASP,5.347455179034983,3.6947125169376935
ILE,GLN,5.632775464140865,3.4271839223637963
ILE,LYS,5.421847368935153,3.731325785147183
ILE,GLU,5.5872218422270254,3.926044240479331
ILE,MET,5.048973197286467,3.8640545867102656
ILE,HIS,5.642843077311954,3.713002476385249
ILE,PHE,5.7790039185251905,3.6857617971965246
ILE,ARG,5.32838511505234,3.558248529315054
ILE,TYR,6.015603798885517,3.723681952754527
ILE,TRP,6.2582990806796825,3.8787960870022564
LEU,LEU,5.3669875318015805,3.6480350413733142
LEU,ASN,4.995294579845755,3.729773636831114
LEU,ASP,4.847698083884005,3.221606737415638
LEU,GLN,5.343242318558701,3.822992253263024
LEU,LYS,5.354766598855067,4.087538950680674
LEU,GLU,5.064553299022107,3.251587865316397
LEU,MET,5.283983403126545,3.7945689660076933
LEU,HIS,4.739495149611116,3.884124077216337
LEU,PHE,5.6344444589490275,3.3916219388998945
LEU,ARG,5.275535491248736,3.629136261098453
LEU,TYR,5.553141075053007,3.5604027844976085
LEU,TRP,5.860237332898578,3.359984030531879
ASN,ASN,4.6359015688764815,3.207507451712724
ASN,ASP,4.830712837121318,3.071778015575775
ASN,GLN,4.7647003463450375,3.520462368781832
ASN,LYS,4.684866857892535,3.32101590101371
ASN,GLU,4.842543642055642,3.169877251430859
ASN,MET,4.832201345096882,3.695004533958388
ASN,HIS,5.303317555385979,2.892384207633836
ASN,PHE,5.892602310970358,3.5763100795414178
ASN,ARG,5.077726691122031,3.1492645476312067
ASN,TYR,5.321256162563201,3.4557335422288684
ASN,TRP,5.659384568548454,3.3249679031182877
ASP,ASP,4.93443201153905,2.278477587418375
ASP,GLN,4.737369897680106,3.556386464446692
ASP,LYS,4.455830604729789,2.8986531225111123
ASP,GLU,5.303294579491241,3.0839511901784737
ASP,MET,4.498443346027954,3.6861138407374887
ASP,HIS,4.9204143601152035,3.335745794845848
ASP,PHE,5.327200785800441,3.6964626266533838
ASP,ARG,4.480431323535201,3.3488367537580923
ASP,TYR,5.6051307556150505,3.951164316477888
ASP,TRP,5.344624691036441,3.5445803523566948
GLN,GLN,4.997232109301825,3.511944919278952
GLN,LYS,4.977770532045481,3.758524461584184
GLN,GLU,4.921783560368013,3.720404296551147
GLN,MET,4.768658542628605,3.8326179819191344
GLN,HIS,4.695426212527424,3.4670064989346927
GLN,PHE,5.357881013631069,3.6971178088735934
GLN,ARG,4.779583681256211,3.700493413680505
GLN,TYR,5.601398101671681,3.4119364552137914
GLN,TRP,5.536496881522151,3.4186599162907236
LYS,LYS,5.1178523848318775,2.6205199858474515
LYS,GLU,4.785679706867345,3.4200351230467527
LYS,MET,5.186914083724899,3.84859734912834
LYS,HIS,5.120830406761204,3.6392087885853277
LYS,PHE,4.735867079770904,3.8000278781589967
LYS,ARG,5.474240447118838,3.310505227747328
LYS,TYR,4.374107080242122,3.75541832218057
LYS,TRP,4.227924845137832,3.7096331691791886
GLU,GLU,4.6800644563718965,3.899163662103904
GLU,MET,4.744957733791731,3.645682243459317
GLU,HIS,5.1767503206174235,3.6049829516620666
GLU,PHE,5.523741231380656,3.733639374041508
GLU,ARG,4.696955869937732,3.5643499814783763
GLU,TYR,5.331842351645177,3.7747362908512967
GLU,TRP,5.3606652768122265,3.4997470536883446
MET,MET,4.74411190913788,3.918445192396903
MET,HIS,5.082169510015007,3.946083399171087
MET,PHE,5.532128692663036,3.926979712624471
MET,ARG,5.201934044417872,3.748634252027178
MET,TYR,5.8447442018768525,3.408187768737837
MET,TRP,6.0138101243754765,3.648853619665585
HIS,HIS,4.997563645195612,3.3485730080705056
HIS,PHE,5.291408909379458,3.5564644545769304
HIS,ARG,5.388697352146341,3.6439810393343066
HIS,TYR,5.736283114300059,3.278649201126511
HIS,TRP,5.563518999385657,3.370164287824576
PHE,PHE,5.653900670059942,3.3340645953701054
PHE,ARG,5.566690311700836,3.405436663184341
PHE,TYR,5.572729423497033,3.26814101596692
PHE,TRP,5.713179979332648,3.623961307559701
ARG,ARG,5.581343962453142,3.7701432410739284
ARG,TYR,5.721836836195066,3.4939922997222714
ARG,TRP,5.778987506974834,3.5401289453602005
TYR,TYR,6.044005215922869,3.593894540224103
TYR,TRP,6.092783648174193,3.8379605661569913
TRP,TRP,6.93308117743079,4.7163194286558525
