,model,i,j,r
0,2,17,22,4.099915504455566
1,5,2,16,3.192678213119507
2,6,17,22,4.010419845581055
3,7,9,22,4.030127048492432
4,10,2,17,4.08465051651001
5,11,9,22,3.984636068344116
6,12,9,16,3.3799214363098145
7,13,16,22,3.64677095413208
8,17,22,32,3.805493116378784
9,18,16,22,3.6793527603149414
10,19,17,22,3.4422450065612793
11,20,9,16,3.768691062927246
12,22,2,22,4.052186489105225
13,26,2,32,3.4638569355010986
14,27,2,32,3.8638687133789062
15,29,9,32,3.6711676120758057
16,29,16,17,4.364992141723633
17,30,9,16,3.3926501274108887
18,32,9,32,3.3022425174713135
19,33,17,22,3.4009814262390137
20,34,9,32,3.994745969772339
21,34,17,22,3.485318660736084
22,40,2,32,3.589794635772705
23,42,22,32,3.894199848175049
24,43,2,32,3.3816704750061035
25,45,9,22,3.7750937938690186
26,47,16,32,3.666224479675293
27,48,17,22,3.819676637649536
28,50,2,32,3.7781074047088623
29,50,17,22,3.183377504348755
30,51,9,32,3.6671576499938965
31,53,17,22,3.723017930984497
32,55,2,16,3.5647644996643066
33,57,17,22,3.716423511505127
34,58,9,16,4.482006549835205
35,59,17,22,3.6486575603485107
36,60,17,22,3.8667562007904053
37,62,16,22,4.167103290557861
38,64,2,9,3.715181589126587
39,66,17,22,4.083065986633301
40,67,9,16,3.942091226577759
41,70,9,16,3.395578384399414
42,70,17,22,4.045074939727783
43,72,2,22,4.2998223304748535
44,73,9,16,4.053134441375732
45,73,16,17,4.48530912399292
46,74,17,22,3.291090726852417
47,75,9,22,3.5490829944610596
48,76,9,22,4.043397903442383
49,77,2,32,3.7326204776763916
50,77,17,22,3.589480400085449
51,78,2,32,3.6407976150512695
52,79,17,22,3.497030735015869
53,80,9,32,3.2558693885803223
54,84,16,17,4.418641567230225
55,85,16,32,3.482445240020752
56,86,9,32,4.122203826904297
57,90,2,22,3.4118869304656982
58,91,9,22,4.050387382507324
59,93,9,32,3.620255708694458
60,94,2,32,3.9211983680725098
61,98,9,17,3.683518886566162
62,99,9,17,3.995253086090088
63,100,16,17,4.302712440490723
64,103,2,17,3.7807259559631348
65,105,17,22,3.4971048831939697
66,107,9,17,3.932295799255371
67,109,22,32,3.754075765609741
68,111,2,22,3.486811399459839
69,114,16,22,3.3955657482147217
70,114,17,32,3.985513925552368
71,115,16,17,4.481310844421387
72,115,22,32,3.4394450187683105
73,125,2,17,3.6045022010803223
74,126,9,17,4.033560276031494
75,126,22,32,3.5737860202789307
76,133,17,22,3.635481595993042
77,141,17,22,3.89349102973938
78,144,17,22,3.4891128540039062
79,147,9,17,3.7353298664093018
80,147,16,17,4.389988899230957
81,150,16,22,3.7982723712921143
82,153,9,22,3.9126362800598145
83,155,9,16,3.7373404502868652
84,156,9,22,4.015969753265381
85,163,2,9,3.713576078414917
86,163,16,22,3.5534446239471436
87,164,2,22,3.721848964691162
88,166,16,17,4.363021373748779
89,167,2,22,4.026747703552246
90,168,9,16,3.628006935119629
91,172,2,32,4.006794452667236
92,176,9,32,4.020129203796387
93,177,16,22,3.480064630508423
94,179,22,32,3.7756664752960205
95,181,22,32,3.9075489044189453
96,183,2,22,3.6553003787994385
97,187,2,22,3.907505989074707
98,188,2,17,4.180258750915527
99,188,16,22,3.895366668701172
100,189,2,32,3.4463388919830322
101,189,16,22,3.636911153793335
102,191,16,22,3.6271681785583496
103,192,9,32,3.749166488647461
104,193,9,17,3.808849811553955
105,198,2,9,3.7727081775665283
106,198,16,32,3.3921263217926025
107,199,2,22,3.326528549194336
108,199,16,17,4.173617839813232
109,199,17,32,3.999030351638794
110,200,2,22,3.779161214828491
111,200,16,32,3.7478065490722656
112,201,2,16,4.389602184295654
113,201,17,22,3.411214590072632
114,202,2,16,3.4564034938812256
115,203,2,17,4.104061603546143
116,204,17,32,3.9669108390808105
117,206,2,16,3.9346201419830322
118,207,2,17,3.8594558238983154
119,208,2,22,3.3518426418304443
120,211,9,16,3.566960334777832
121,212,9,16,3.22066068649292
122,220,9,22,4.230145454406738
123,223,2,32,4.337684631347656
124,224,16,32,3.879279136657715
125,225,16,22,3.5054376125335693
126,226,16,32,3.2427845001220703
127,228,9,16,4.063827991485596
128,229,9,17,3.8016488552093506
129,231,17,22,4.072831630706787
130,232,22,32,3.570923089981079
131,233,22,32,3.616879463195801
132,234,16,22,3.9017677307128906
133,235,2,17,3.7835559844970703
134,236,9,17,3.913999080657959
135,240,9,17,3.701012134552002
136,244,22,32,3.5125651359558105
137,246,2,16,4.1580915451049805
138,246,17,32,3.7976267337799072
139,247,2,16,3.645050048828125
140,247,17,32,3.6980607509613037
141,249,2,22,3.7369062900543213
142,249,9,17,3.641385555267334
143,251,2,22,3.905137538909912
144,251,17,32,3.7098493576049805
145,252,9,16,3.3884036540985107
146,253,16,22,3.572814702987671
147,256,2,9,3.6779754161834717
148,260,9,17,3.5812649726867676
149,261,17,22,3.8095641136169434
150,262,16,22,4.008401870727539
151,263,9,17,3.603242874145508
152,264,9,22,3.7620983123779297
153,269,2,16,4.126057147979736
154,271,2,22,3.9384050369262695
155,271,9,17,3.8305749893188477
156,274,2,17,3.998169183731079
157,275,2,17,3.7961456775665283
158,277,9,32,3.0340592861175537
159,278,17,22,3.2470529079437256
160,279,17,22,3.6686346530914307
161,287,9,16,3.2594594955444336
162,288,16,32,3.469238758087158
163,290,17,22,3.4233522415161133
164,292,22,32,3.553187131881714
165,293,16,32,3.510707378387451
166,293,17,22,3.17425799369812
167,296,17,22,3.45601749420166
168,298,2,9,3.3565833568573
169,299,17,22,3.888805389404297
170,300,16,22,4.036162376403809
171,302,9,32,4.326189041137695
172,304,9,16,3.420809268951416
173,307,2,32,3.904771566390991
174,308,2,9,3.924858331680298
175,309,16,32,4.123773097991943
176,309,17,22,3.878514528274536
177,311,9,17,3.5435237884521484
178,311,16,32,3.5966925621032715
179,314,9,17,4.048654079437256
180,314,22,32,4.073016166687012
181,315,2,9,3.71931529045105
182,316,16,32,3.6510961055755615
183,319,2,16,3.8104918003082275
184,320,2,9,3.6309359073638916
185,325,17,22,3.070845127105713
186,329,16,22,3.608154296875
187,332,2,16,3.9812676906585693
188,333,9,22,3.9123504161834717
189,335,2,16,3.4313976764678955
190,336,2,16,3.825213670730591
191,337,9,16,3.432188034057617
192,339,9,16,3.3381407260894775
193,340,16,22,4.0641584396362305
194,341,9,16,3.923116683959961
195,342,2,17,3.9718921184539795
196,347,9,16,3.702070951461792
197,349,22,32,4.0252532958984375
198,350,22,32,3.827821969985962
199,353,9,32,3.932110071182251
200,354,16,22,4.023184299468994
201,355,17,22,3.957163095474243
202,356,2,9,4.018371105194092
203,358,2,32,3.978799343109131
204,359,16,17,4.072236061096191
205,359,17,22,3.9908254146575928
206,360,16,22,3.1075279712677
207,361,9,16,3.4678690433502197
208,361,17,32,4.109945297241211
209,368,2,9,3.9003806114196777
210,369,16,32,3.586867332458496
211,370,9,16,3.3496737480163574
212,372,17,22,3.7488279342651367
213,380,9,16,3.640178680419922
214,381,2,22,4.412607669830322
215,383,2,22,3.6434974670410156
216,383,9,16,3.2200613021850586
217,383,16,17,4.467679977416992
218,384,2,22,4.06158971786499
219,384,9,16,4.205740451812744
220,384,16,17,4.4306559562683105
221,385,2,22,3.9067018032073975
222,386,2,22,3.900339126586914
223,387,17,22,4.034533977508545
224,388,9,16,3.992607355117798
225,389,9,17,3.8440935611724854
226,391,2,32,3.841696262359619
227,391,17,22,4.097728729248047
228,392,16,22,3.8229289054870605
229,393,2,9,3.9026951789855957
230,393,17,22,3.43745493888855
231,394,9,16,4.399670600891113
232,394,9,17,3.2872414588928223
233,395,2,32,3.9811112880706787
234,396,16,17,4.3427581787109375
235,396,16,22,3.7903919219970703
236,397,2,32,4.0587992668151855
237,398,9,17,3.3045287132263184
238,400,16,22,3.3183817863464355
239,402,9,17,3.727346420288086
240,403,2,16,4.05145788192749
241,403,9,22,3.8777050971984863
242,404,2,22,3.7288854122161865
243,405,2,9,4.489103317260742
244,406,9,32,3.846729278564453
245,407,17,22,3.3780572414398193
246,409,9,16,3.3454208374023438
247,410,9,16,3.573066473007202
248,410,17,32,3.840043067932129
249,411,9,16,3.8833768367767334
250,411,17,22,4.031013488769531
251,412,17,22,3.9753012657165527
252,413,2,32,3.637830972671509
253,413,9,16,3.4195284843444824
254,414,16,32,3.1830129623413086
255,415,16,32,3.4800901412963867
256,416,2,9,3.7616922855377197
257,417,9,17,3.357267141342163
258,417,16,32,3.952310800552368
259,420,22,32,3.604388952255249
260,421,17,32,3.4428367614746094
261,422,16,32,3.9260447025299072
262,423,16,17,4.037583827972412
263,423,17,32,4.178158283233643
264,426,9,16,3.9373059272766113
265,427,17,22,3.883953094482422
266,428,9,17,3.481386661529541
267,429,17,22,4.085766792297363
268,431,17,22,3.8236465454101562
269,432,22,32,3.9448561668395996
270,433,22,32,3.8911373615264893
271,436,22,32,4.025665760040283
272,440,9,17,3.9332938194274902
273,442,17,22,3.7674779891967773
274,443,9,22,3.9656929969787598
275,446,16,22,3.3885445594787598
276,449,2,16,3.7033069133758545
277,450,2,22,3.457556962966919
278,450,9,16,4.004666328430176
279,453,17,22,3.6232259273529053
280,454,17,22,3.34332537651062
281,456,2,32,3.5031802654266357
282,456,16,22,3.757303476333618
283,457,16,17,4.418415069580078
284,457,17,22,4.079685211181641
285,459,2,22,3.5112669467926025
286,460,9,16,3.378746747970581
287,463,2,22,3.7469468116760254
288,465,2,17,3.838723659515381
289,465,9,16,3.5591893196105957
290,466,2,9,4.056891918182373
291,468,16,22,3.427710771560669
292,469,16,17,4.313418865203857
293,470,17,22,3.937106132507324
294,471,9,17,3.7282326221466064
295,471,16,22,3.2706055641174316
296,472,16,22,3.939100980758667
297,473,22,32,3.7644195556640625
298,474,16,17,4.2739949226379395
299,474,17,32,3.802595376968384
300,475,17,22,3.8437716960906982
301,476,9,32,3.6248695850372314
302,477,9,32,3.558257579803467
303,478,17,22,3.856299638748169
304,479,17,22,3.9350860118865967
305,481,22,32,3.3336708545684814
306,483,9,32,3.4354419708251953
307,483,17,22,3.4317827224731445
308,484,17,22,3.7692975997924805
309,486,2,32,3.3896706104278564
310,487,9,22,4.088562965393066
311,487,16,17,4.021884918212891
312,488,16,22,3.7492904663085938
313,491,9,32,4.011894702911377
314,492,9,32,3.499448537826538
315,493,9,32,3.884596586227417
316,494,9,32,3.906644105911255
317,496,16,22,3.6151771545410156
318,497,2,9,3.7891690731048584
319,498,9,17,4.117640972137451
320,504,2,16,3.7591493129730225
321,505,2,17,4.1569929122924805
322,507,9,17,3.5596086978912354
323,510,2,17,4.0638556480407715
324,511,9,32,3.4891133308410645
325,512,9,16,3.6091387271881104
326,513,9,32,3.2153048515319824
327,515,17,22,3.903177499771118
328,519,2,9,3.9611761569976807
329,520,2,9,4.114772796630859
330,521,9,17,3.6136891841888428
331,521,22,32,3.498797655105591
332,522,22,32,3.068930149078369
333,526,17,22,3.379643440246582
334,527,17,22,3.9005300998687744
335,528,17,22,4.027738094329834
336,530,2,22,3.887322425842285
337,530,9,16,3.8963136672973633
338,531,22,32,3.6219799518585205
339,532,9,16,3.557124137878418
340,532,22,32,3.6288297176361084
341,533,9,16,3.5631110668182373
342,533,22,32,3.374321937561035
343,534,2,16,3.9606776237487793
344,534,22,32,3.5697109699249268
345,536,17,32,3.931915760040283
346,538,22,32,3.7499964237213135
347,539,22,32,4.256808280944824
348,540,22,32,4.226844787597656
349,541,9,17,3.9502804279327393
350,544,2,9,3.6587533950805664
351,544,16,22,3.723998546600342
352,545,9,16,3.7507824897766113
353,546,16,22,3.330352783203125
354,548,2,32,4.0789947509765625
355,550,9,32,4.119678020477295
356,552,16,22,3.6864724159240723
357,553,16,22,3.3865833282470703
358,554,9,17,4.105900764465332
359,555,16,17,4.308858871459961
360,555,16,22,4.180226802825928
361,556,17,32,3.335414171218872
362,557,17,32,4.0089592933654785
363,559,9,22,3.725691556930542
364,559,16,32,3.582502603530884
365,560,16,32,3.9243133068084717
366,561,9,32,3.9780421257019043
367,561,17,22,3.705458164215088
368,563,9,32,4.031876564025879
369,563,16,22,3.2785909175872803
370,564,9,32,4.060887336730957
371,565,2,32,3.4172089099884033
372,566,9,22,3.647151470184326
373,568,9,22,3.760362386703491
374,569,16,22,3.8612112998962402
375,573,17,32,4.276727199554443
376,574,17,32,3.610809326171875
377,575,9,16,4.0779547691345215
378,576,16,32,3.0674984455108643
379,577,9,22,3.605818033218384
380,577,16,32,4.080165863037109
381,578,9,22,4.000335216522217
382,579,2,32,4.010541915893555
383,579,9,22,3.6473774909973145
384,580,16,22,3.924858808517456
385,581,9,22,3.9023444652557373
386,582,9,22,3.5205609798431396
387,583,9,22,3.6007421016693115
388,584,2,22,4.201487064361572
389,584,9,17,3.3623902797698975
390,585,2,22,3.780123472213745
391,585,16,32,4.070958137512207
392,586,9,22,3.7465145587921143
393,586,16,32,3.7109248638153076
394,587,16,32,3.77691388130188
395,588,9,16,3.8039753437042236
396,588,17,32,3.6471259593963623
397,590,2,16,3.79394268989563
398,591,17,22,3.183584690093994
399,592,2,17,3.9554052352905273
400,593,22,32,4.0131306648254395
401,594,16,17,4.394525051116943
402,594,22,32,3.6946911811828613
403,595,9,22,3.776113748550415
404,597,17,22,3.563077926635742
405,598,9,16,3.699995756149292
406,599,9,22,4.060878276824951
407,601,2,22,3.547722578048706
408,602,9,16,3.589914083480835
409,603,17,22,3.345473289489746
410,604,2,32,3.9989230632781982
411,605,16,22,3.897540330886841
412,606,16,17,4.486442565917969
413,607,2,22,3.934802293777466
414,609,2,9,3.94869065284729
415,611,17,22,3.479536533355713
416,624,9,16,3.668529510498047
417,625,9,22,3.4415550231933594
418,626,9,22,3.861684560775757
419,627,9,22,3.6404497623443604
420,628,2,22,3.0590686798095703
421,631,2,16,3.988915205001831
422,632,2,32,4.299241065979004
423,633,2,16,3.4424855709075928
424,634,9,16,4.480957984924316
425,636,2,16,3.282498598098755
426,636,22,32,4.259183406829834
427,637,2,16,3.703643321990967
428,637,22,32,3.731780767440796
429,638,2,16,3.327850103378296
430,639,9,16,3.4134318828582764
431,639,17,22,3.663144111633301
432,640,16,22,3.770890712738037
433,641,2,32,3.9179136753082275
434,641,17,22,3.9351305961608887
435,642,9,17,3.5607471466064453
436,645,9,32,3.669297695159912
437,645,16,17,4.469865322113037
438,645,16,22,3.8376572132110596
439,646,9,32,3.632534980773926
440,647,9,32,4.140765190124512
441,647,16,17,4.42262601852417
442,648,9,32,4.078010559082031
443,649,9,32,4.148722171783447
444,650,9,32,3.8993282318115234
445,651,16,22,3.935518264770508
446,653,9,32,4.005366325378418
447,654,9,22,3.8127670288085938
448,655,2,9,4.168670654296875
449,655,22,32,3.9092729091644287
450,656,16,22,3.3335704803466797
451,659,2,32,3.825347423553467
452,662,9,17,3.958545684814453
453,664,9,16,3.73862361907959
454,665,22,32,3.982346296310425
455,667,22,32,3.5910696983337402
456,668,22,32,3.459421396255493
457,669,9,32,3.468989849090576
458,669,16,22,3.7348744869232178
459,670,17,22,4.097699165344238
460,671,9,32,3.7570953369140625
461,672,9,32,3.551719903945923
462,672,17,22,3.471339702606201
463,674,9,32,3.5088610649108887
464,675,17,22,3.59393048286438
465,676,9,32,3.33241605758667
466,676,17,22,4.0381760597229
467,678,17,22,3.9034087657928467
468,679,22,32,3.399106740951538
469,680,22,32,4.000247001647949
470,681,22,32,4.1062116622924805
471,684,17,32,3.574138641357422
472,685,9,16,3.5554862022399902
473,685,22,32,4.0639448165893555
474,686,17,32,4.20227575302124
475,687,17,22,3.191664218902588
476,688,2,22,3.4294490814208984
477,688,9,16,3.3169867992401123
478,689,2,16,3.4066946506500244
479,689,16,17,4.478910446166992
480,689,17,22,4.033363342285156
481,690,2,16,4.095162868499756
482,690,22,32,3.9780826568603516
483,691,22,32,3.9339544773101807
484,692,2,9,3.4565184116363525
485,693,2,32,3.6369292736053467
486,693,17,22,3.6443212032318115
487,694,2,32,4.3162360191345215
488,694,17,22,3.941859006881714
489,695,9,32,3.4488086700439453
490,695,16,17,4.474205493927002
491,696,9,16,3.965780019760132
492,697,9,32,3.7212443351745605
493,698,9,22,3.615473508834839
494,699,16,17,4.21075963973999
495,702,17,22,3.9728238582611084
496,703,9,22,3.6417906284332275
497,705,2,9,3.4673097133636475
498,708,16,22,3.593918561935425
499,709,2,16,3.227008819580078
500,709,9,17,3.368162155151367
501,710,9,22,3.6546096801757812
502,712,9,22,3.6847004890441895
503,716,2,22,3.4962315559387207
504,718,16,22,4.102392196655273
505,720,17,22,3.6492865085601807
506,722,9,16,3.4129114151000977
507,723,9,16,4.175288677215576
508,725,2,22,3.358225107192993
509,726,17,32,3.550321102142334
510,727,16,17,4.285126209259033
511,731,9,16,4.0287065505981445
512,731,9,17,4.179126262664795
513,733,2,9,3.8533966541290283
514,736,17,22,3.8169541358947754
515,737,16,32,3.4781548976898193
516,739,16,22,3.8283674716949463
517,740,17,22,3.8126978874206543
518,741,9,22,3.9995739459991455
519,742,9,22,3.5817227363586426
520,743,9,22,3.584456205368042
521,744,9,17,3.4649667739868164
522,745,9,32,3.6840121746063232
523,746,9,22,3.608936071395874
524,747,2,22,4.0650529861450195
525,750,9,17,3.5999975204467773
526,751,17,22,3.6210968494415283
527,752,2,9,3.9711902141571045
528,752,17,22,3.8939614295959473
529,753,9,22,3.3912034034729004
530,754,9,16,3.7380218505859375
531,755,9,16,4.011104106903076
532,755,22,32,4.104372024536133
533,756,9,16,4.038247108459473
534,761,17,22,3.700193166732788
535,762,9,17,3.7990496158599854
536,763,16,17,4.230138301849365
537,763,16,22,3.2762629985809326
538,763,17,22,3.8305160999298096
539,764,17,22,3.8195888996124268
540,765,9,16,3.7057766914367676
541,768,9,22,4.031270503997803
542,770,17,22,3.975545883178711
543,771,2,22,3.8562350273132324
544,772,9,22,3.9514434337615967
545,773,2,22,3.477604389190674
546,774,2,22,3.8978378772735596
547,774,9,32,4.375244140625
548,775,9,16,3.32065486907959
549,776,9,16,3.820570945739746
550,777,9,32,3.524763584136963
551,777,16,22,3.9656569957733154
552,779,17,22,3.4857633113861084
553,781,2,16,3.914252758026123
554,782,2,16,3.8488543033599854
555,784,9,32,3.884976387023926
556,785,2,17,3.5543227195739746
557,785,9,32,3.4543447494506836
558,786,2,16,3.570077896118164
559,786,9,32,3.625380039215088
560,787,9,16,4.015575885772705
561,788,9,17,4.140624523162842
562,788,16,22,3.509763717651367
563,789,9,17,4.067568302154541
564,789,16,17,4.493447303771973
565,789,22,32,3.893986463546753
566,790,22,32,4.037196159362793
567,791,17,22,4.104517459869385
568,792,16,22,3.7390453815460205
569,793,16,22,3.748074769973755
570,795,22,32,3.726278781890869
571,796,22,32,3.777756690979004
572,797,22,32,3.737165927886963
573,801,9,32,4.058921813964844
574,802,9,32,3.496267795562744
575,804,17,22,3.304641008377075
576,805,17,22,3.3523101806640625
577,807,2,9,3.6106605529785156
578,808,22,32,3.8438737392425537
579,809,22,32,3.9749503135681152
580,810,9,16,3.581709146499634
581,811,2,22,4.013315200805664
582,812,17,22,3.5973916053771973
583,813,2,16,3.8549704551696777
584,814,9,16,3.587470531463623
585,814,22,32,3.297994375228882
586,815,9,32,4.1565680503845215
587,816,2,17,3.557358980178833
588,817,2,32,4.18031644821167
589,818,2,32,4.103866100311279
590,818,9,16,3.8696484565734863
591,820,17,22,4.135164260864258
592,821,16,32,3.923304319381714
593,821,17,22,4.07986307144165
594,822,2,9,4.036302089691162
595,822,16,22,3.5639238357543945
596,823,17,22,4.21328592300415
597,824,16,32,3.3297247886657715
598,827,2,16,3.3013458251953125
599,829,2,32,3.565230131149292
600,829,9,16,3.7728612422943115
601,830,2,32,3.7526967525482178
602,832,2,22,3.7139413356781006
603,833,2,22,3.5413269996643066
604,833,9,16,3.50150728225708
605,834,9,16,3.729950428009033
606,835,9,17,4.063356876373291
607,836,17,22,3.8934671878814697
608,837,17,22,3.7655258178710938
609,840,2,22,3.6824755668640137
610,840,9,17,3.2083542346954346
611,841,9,16,3.6425325870513916
612,842,16,22,3.453808307647705
613,844,9,22,3.496400833129883
614,845,9,22,3.4367804527282715
615,846,9,16,3.929574966430664
616,847,16,22,3.552565336227417
617,849,22,32,4.012654781341553
618,853,17,22,3.556041717529297
619,859,16,22,3.922889232635498
620,860,9,16,3.657304525375366
621,865,17,22,3.989543914794922
622,867,2,16,3.5533194541931152
623,868,9,17,3.7588236331939697
624,870,2,22,3.742877244949341
625,871,2,22,3.90853214263916
626,872,16,22,3.2065391540527344
627,873,9,17,4.278626441955566
628,873,16,22,3.732257843017578
629,874,17,22,3.680448532104492
630,884,2,9,3.9978795051574707
631,885,2,16,4.109053134918213
632,886,2,32,3.8335702419281006
633,887,2,32,4.129512786865234
634,888,2,32,4.051804065704346
635,891,2,9,3.8194503784179688
636,892,16,32,3.5763065814971924
637,893,22,32,4.024395942687988
638,895,22,32,3.413609266281128
639,896,2,32,3.9616262912750244
640,896,9,16,3.7709567546844482
641,897,9,16,3.787285089492798
642,897,17,32,4.006603717803955
643,898,16,32,3.6071383953094482
644,899,16,32,3.416283369064331
645,901,22,32,3.7406680583953857
646,902,2,32,3.3057055473327637
647,903,2,32,3.624303102493286
648,903,16,17,4.43577241897583
649,906,9,16,3.318629026412964
650,907,9,17,3.8896093368530273
651,909,2,32,4.129079341888428
652,909,9,17,4.2042694091796875
653,910,2,32,4.126478672027588
654,911,2,32,3.6017634868621826
655,914,16,22,4.0298309326171875
656,915,2,9,4.056392669677734
657,915,16,22,3.851480007171631
658,916,17,22,3.547194242477417
659,918,17,22,3.8602044582366943
660,919,16,22,3.419945001602173
661,920,17,22,3.7753686904907227
662,924,2,16,4.120439052581787
663,927,16,17,4.371640682220459
664,928,9,16,3.5863029956817627
665,928,22,32,3.358935594558716
666,929,17,32,3.5985755920410156
667,930,16,22,3.909545660018921
668,930,17,32,4.426661014556885
669,931,2,17,3.342822313308716
670,931,9,22,4.273049831390381
671,934,16,17,4.462339878082275
672,934,17,22,3.883831024169922
673,936,16,17,4.345116138458252
674,940,2,17,3.793341875076294
675,941,9,16,3.5321261882781982
676,942,9,22,3.506838321685791
677,943,9,22,3.956564426422119
678,945,2,16,3.528379440307617
679,945,2,17,4.399636268615723
680,945,22,32,3.701545238494873
681,946,9,16,3.582472085952759
682,946,17,22,3.9746527671813965
683,947,16,17,4.466436862945557
684,947,16,22,3.942079782485962
685,948,9,17,4.106423854827881
686,949,2,22,3.6407525539398193
687,949,9,17,3.6713874340057373
688,956,22,32,4.1714019775390625
689,960,2,9,3.7829697132110596
690,960,17,22,3.953336238861084
691,961,16,22,4.059115886688232
692,962,16,17,4.383487701416016
693,965,2,17,3.4467873573303223
694,965,9,22,3.9061734676361084
695,966,9,16,3.762789011001587
696,967,2,22,3.960423707962036
697,968,2,22,4.125212669372559
698,968,9,17,3.369962215423584
699,969,2,22,3.9545648097991943
700,969,9,17,3.9941601753234863
701,970,9,22,3.688753604888916
702,972,9,32,3.5654141902923584
703,973,2,17,3.3919975757598877
704,973,9,32,3.671586036682129
705,973,16,17,4.361071586608887
706,974,17,32,3.3392834663391113
707,975,17,32,4.025008201599121
708,976,16,22,3.9308547973632812
709,976,17,32,4.028975486755371
710,978,9,16,3.790506601333618
711,979,9,32,3.6813669204711914
712,980,9,32,3.438230514526367
713,982,2,9,3.5464277267456055
714,982,17,32,3.868743896484375
715,983,2,9,3.897620677947998
716,983,22,32,3.85077166557312
717,984,16,17,4.333672046661377
718,984,16,22,4.336342811584473
719,984,17,22,3.8177027702331543
720,985,16,17,4.213216304779053
721,985,16,22,3.553354501724243
722,986,17,32,3.752988338470459
723,987,17,32,3.8115217685699463
724,988,9,17,3.682143449783325
725,989,9,16,4.47127628326416
726,989,9,17,4.020163059234619
727,989,22,32,3.736772060394287
728,991,22,32,3.312574625015259
729,992,22,32,3.678253650665283
730,993,16,22,4.085526943206787
731,994,9,16,3.7267768383026123
732,996,16,17,4.368305206298828
733,996,16,32,3.8806397914886475
734,996,22,32,4.468876838684082
735,997,9,17,3.5994346141815186
736,998,2,9,4.039621353149414
737,999,2,9,3.5825448036193848
738,999,16,32,3.8884799480438232
739,1002,16,32,3.8674521446228027
740,1004,9,17,3.609755277633667
741,1004,16,22,3.284632682800293
742,1005,9,17,3.593961238861084
743,1005,16,22,3.863276481628418
744,1006,2,9,3.446610689163208
745,1008,2,32,4.160036563873291
746,1010,9,16,3.4375555515289307
747,1011,16,22,4.11843204498291
748,1016,9,17,3.645508050918579
749,1016,16,22,3.895897150039673
750,1017,2,32,3.490806818008423
751,1018,2,32,3.6226513385772705
752,1018,17,22,3.580906391143799
753,1019,2,32,3.8343605995178223
754,1019,17,22,3.5160372257232666
755,1020,2,32,3.873105764389038
756,1020,16,22,3.472766637802124
757,1021,2,32,3.53548002243042
758,1022,9,16,3.9374492168426514
759,1023,2,32,3.4458730220794678
760,1023,9,16,4.1095099449157715
761,1024,2,9,4.077526092529297
762,1025,9,22,3.3883004188537598
763,1026,9,32,3.6628775596618652
764,1029,16,22,3.9441540241241455
765,1031,16,32,3.1372230052948
766,1032,9,32,3.933250665664673
767,1033,16,32,3.61893892288208
768,1034,17,22,4.007491588592529
769,1036,9,16,3.3984220027923584
770,1036,22,32,3.2086141109466553
771,1037,9,16,3.9782583713531494
772,1037,22,32,3.852858781814575
773,1038,9,16,4.0707221031188965
774,1039,9,16,3.9005680084228516
775,1039,9,17,4.360098838806152
776,1039,22,32,4.497170925140381
777,1041,22,32,3.96269154548645
778,1042,9,16,3.487128734588623
779,1042,22,32,3.861398935317993
780,1043,9,17,3.6246423721313477
781,1046,2,9,3.5159854888916016
782,1046,17,22,3.497267723083496
783,1049,16,22,3.638979196548462
784,1054,2,17,3.855783462524414
785,1055,2,17,3.6375579833984375
786,1056,2,9,3.3297834396362305
787,1060,16,22,3.9024479389190674
788,1062,9,17,3.635512113571167
789,1063,9,17,3.8029978275299072
790,1066,16,22,3.7709434032440186
791,1067,2,32,3.6831066608428955
792,1067,9,22,3.6032042503356934
793,1068,2,32,3.5638926029205322
794,1068,9,22,3.3640596866607666
795,1070,2,22,4.139848232269287
796,1070,9,17,3.738260269165039
797,1071,2,22,3.828127145767212
798,1071,9,17,3.8495748043060303
799,1072,17,22,3.9800302982330322
800,1073,2,22,3.4298410415649414
801,1073,9,16,4.306763172149658
802,1073,9,17,4.182373523712158
803,1074,2,22,3.7653088569641113
804,1075,2,22,3.3963708877563477
805,1076,2,22,3.3160510063171387
806,1076,9,16,3.7094368934631348
807,1077,2,22,4.047242164611816
808,1077,9,16,4.05859375
809,1078,2,22,3.699829339981079
810,1078,9,16,4.080719470977783
811,1079,2,32,3.2788589000701904
812,1079,9,16,4.163328647613525
813,1080,9,16,3.324951171875
814,1082,9,22,3.4055159091949463
815,1082,16,32,3.8227055072784424
816,1085,17,32,3.8780877590179443
817,1086,2,16,3.6150808334350586
818,1086,17,32,3.432948112487793
819,1087,2,16,3.6739144325256348
820,1087,2,17,4.229153633117676
821,1090,2,17,3.810685157775879
822,1094,2,9,3.3565070629119873
823,1095,2,9,3.556022882461548
824,1095,17,22,3.8811793327331543
825,1096,2,9,3.4488565921783447
826,1096,17,22,3.8498706817626953
827,1097,17,22,3.3456318378448486
828,1098,16,22,4.019909858703613
829,1099,2,16,3.803788900375366
830,1103,16,17,4.468655109405518
831,1105,2,9,3.7126569747924805
832,1110,2,9,3.872636556625366
833,1110,17,22,4.1004180908203125
834,1111,2,9,3.891458511352539
835,1111,17,22,4.024470806121826
836,1112,2,9,3.534801721572876
837,1113,9,22,3.7090344429016113
838,1114,22,32,3.6001875400543213
839,1115,22,32,3.6293375492095947
840,1117,22,32,4.128122806549072
841,1118,22,32,3.3751630783081055
842,1119,22,32,3.383420705795288
843,1120,2,17,4.1595635414123535
844,1120,22,32,3.9472904205322266
845,1121,2,16,3.5765180587768555
846,1123,17,32,3.485055923461914
847,1124,16,17,4.468603610992432
848,1125,17,22,3.797788143157959
849,1128,16,22,3.2639424800872803
850,1131,17,22,3.1575751304626465
851,1132,9,32,3.7696197032928467
852,1132,16,22,3.795579433441162
853,1133,9,32,3.3014822006225586
854,1133,17,22,3.5860018730163574
855,1135,2,32,3.480583429336548
856,1136,2,32,3.4477035999298096
857,1137,2,17,3.6612558364868164
858,1138,2,9,3.9302594661712646
859,1138,16,22,3.886347770690918
860,1139,2,32,3.676419973373413
861,1139,16,22,3.963085651397705
862,1142,2,16,3.9960408210754395
863,1144,17,22,3.9846324920654297
864,1146,16,22,3.3943228721618652
865,1147,16,32,3.79325532913208
866,1148,22,32,3.6216063499450684
867,1149,22,32,3.758068323135376
868,1150,9,22,3.7937052249908447
869,1151,17,22,3.234078884124756
870,1151,17,32,4.034644603729248
871,1151,22,32,4.169353485107422
872,1152,16,22,3.711766004562378
873,1154,17,22,3.3304848670959473
874,1155,9,16,4.141204833984375
875,1155,17,22,3.3881995677948
876,1156,9,22,3.3481955528259277
877,1157,9,22,3.6160471439361572
878,1158,9,22,4.3654398918151855
879,1159,2,9,3.9746954441070557
880,1159,22,32,3.231473445892334
881,1160,2,32,3.837376117706299
882,1161,2,22,3.696760892868042
883,1162,9,22,3.346109628677368
884,1163,2,32,3.6550753116607666
885,1164,2,32,3.542752265930176
886,1164,9,16,3.4978973865509033
887,1165,2,32,4.067309856414795
888,1165,9,16,3.3771090507507324
889,1166,22,32,3.519073247909546
890,1169,2,32,3.7021288871765137
891,1170,2,32,3.6034841537475586
892,1170,9,22,3.6549863815307617
893,1171,2,32,3.515587329864502
894,1171,9,22,3.8872358798980713
895,1173,9,32,3.8853659629821777
896,1174,2,17,3.1816530227661133
897,1174,9,32,3.951422691345215
898,1175,9,32,3.45436954498291
899,1175,16,22,3.607943296432495
900,1176,17,22,3.958646059036255
901,1177,2,16,4.081348896026611
902,1177,9,32,3.6113407611846924
903,1177,17,22,3.2879347801208496
904,1178,17,22,3.595820188522339
905,1179,16,17,4.436503887176514
906,1181,9,16,3.790673017501831
907,1183,16,22,4.043766975402832
908,1185,2,17,4.076227188110352
909,1186,2,16,3.180762767791748
910,1186,17,22,3.256777286529541
911,1187,9,16,3.796377658843994
912,1188,9,16,3.4063284397125244
913,1189,22,32,3.1226868629455566
914,1190,22,32,3.2561116218566895
915,1191,22,32,3.8834755420684814
916,1192,22,32,3.8213350772857666
917,1193,9,16,4.184399127960205
918,1194,2,9,4.055177211761475
919,1195,2,9,3.2981154918670654
920,1196,2,9,3.46525502204895
921,1196,17,22,3.3477673530578613
922,1199,9,32,3.489717483520508
923,1200,17,22,4.45246696472168
924,1201,17,22,3.4069511890411377
925,1202,2,17,3.7701754570007324
926,1203,2,16,4.009797096252441
927,1204,16,22,3.805762529373169
928,1205,16,22,3.782724618911743
929,1206,16,22,4.44693660736084
930,1207,2,9,4.059908866882324
931,1207,16,22,3.695626974105835
932,1208,2,9,3.830009937286377
933,1208,17,22,3.8211071491241455
934,1210,2,32,3.915043592453003
935,1211,2,32,3.5015671253204346
936,1212,2,32,3.3906404972076416
937,1212,16,17,4.4994587898254395
938,1212,17,22,3.261956214904785
939,1214,2,32,4.067564010620117
940,1214,17,22,3.980919599533081
941,1215,2,32,3.910722017288208
942,1215,16,22,3.7237026691436768
943,1216,2,32,3.3369760513305664
944,1216,9,16,3.6282715797424316
945,1216,17,22,3.3650949001312256
946,1217,2,32,3.8183484077453613
947,1217,17,22,4.066709041595459
948,1218,2,32,3.4619107246398926
949,1218,17,22,4.051279067993164
950,1219,17,22,4.00248908996582
951,1220,9,32,4.1377997398376465
952,1221,9,22,4.006147861480713
953,1221,17,32,3.7434322834014893
954,1222,9,17,3.9911751747131348
955,1226,2,32,3.7280373573303223
956,1226,9,16,3.3648264408111572
957,1226,17,22,4.005511283874512
958,1227,2,32,3.6097214221954346
959,1227,9,16,4.211851119995117
960,1227,17,22,3.283813238143921
961,1228,2,32,3.5982906818389893
962,1228,9,16,3.857078790664673
963,1229,2,32,3.4516165256500244
964,1229,9,16,4.021131992340088
965,1230,2,32,3.4751217365264893
966,1230,9,17,3.4986748695373535
967,1231,2,32,3.4493188858032227
968,1232,16,17,4.462034225463867
969,1234,9,32,3.0590879917144775
970,1234,16,22,4.052417755126953
971,1237,9,32,3.9459047317504883
972,1238,16,32,4.013602256774902
973,1240,2,22,3.8047194480895996
974,1241,9,17,4.01635217666626
975,1243,9,22,3.9705867767333984
976,1244,9,22,3.640334129333496
977,1245,9,22,3.6758229732513428
978,1246,22,32,3.6593892574310303
979,1247,22,32,3.4665143489837646
980,1248,9,22,3.767763376235962
981,1249,9,22,3.9772894382476807
982,1250,9,16,3.9741766452789307
983,1251,9,16,3.8404128551483154
984,1251,22,32,3.2606308460235596
985,1253,9,17,3.8755972385406494
986,1253,9,22,4.202998638153076
987,1254,17,22,3.715312957763672
988,1255,16,22,4.017808437347412
989,1256,9,16,3.742769956588745
990,1257,9,22,3.75785756111145
991,1258,9,22,3.4588675498962402
992,1259,9,22,3.9488894939422607
993,1261,2,32,4.009744644165039
994,1261,9,22,3.550293207168579
995,1262,9,22,3.8183367252349854
996,1263,2,32,3.5992910861968994
997,1264,9,17,3.2054781913757324
998,1264,16,22,3.9856834411621094
999,1265,9,17,3.736719846725464
1000,1267,9,16,3.529747486114502
1001,1268,9,16,4.026991844177246
1002,1269,22,32,3.9031801223754883
1003,1270,22,32,3.620670795440674
1004,1271,2,16,3.291973829269409
1005,1272,2,16,4.080149173736572
1006,1272,22,32,3.755631923675537
1007,1273,2,16,4.022827625274658
1008,1273,9,17,3.516568422317505
1009,1274,2,16,3.7528491020202637
1010,1274,9,17,3.973881959915161
1011,1279,9,17,3.451127052307129
1012,1280,9,17,3.807464838027954
1013,1280,16,22,3.943650960922241
1014,1280,17,22,4.302069187164307
1015,1281,9,22,4.0175886154174805
1016,1282,9,22,4.056351184844971
1017,1283,2,16,4.081382751464844
1018,1283,9,22,3.5835132598876953
1019,1284,2,17,3.9125900268554688
1020,1285,2,16,4.043536186218262
1021,1285,17,22,3.4993808269500732
1022,1287,17,22,3.8302767276763916
1023,1288,17,22,3.8463454246520996
1024,1289,2,22,3.797618865966797
1025,1290,16,22,3.790823221206665
1026,1291,9,22,3.733319044113159
1027,1292,9,17,3.722892999649048
1028,1293,2,32,3.9658498764038086
1029,1293,9,17,3.3630852699279785
1030,1294,2,32,4.166682720184326
1031,1294,9,17,3.5971438884735107
1032,1294,16,22,4.041319370269775
1033,1295,2,32,3.9983036518096924
1034,1295,9,17,4.07584285736084
1035,1296,2,16,3.716492176055908
1036,1298,2,9,3.992438554763794
1037,1299,22,32,3.320706367492676
1038,1300,22,32,4.006479740142822
1039,1302,16,22,3.4605660438537598
1040,1305,9,16,3.240678310394287
1041,1306,2,22,3.473050594329834
1042,1306,9,16,3.562678337097168
1043,1307,2,22,3.626429557800293
1044,1308,17,22,3.8461625576019287
1045,1309,9,17,3.4447314739227295
1046,1314,2,22,3.644754409790039
1047,1315,2,22,3.5575594902038574
1048,1315,9,16,4.070411682128906
1049,1316,2,22,3.916271924972534
1050,1316,9,16,3.834549903869629
1051,1317,9,17,4.114907264709473
1052,1318,9,16,3.2420969009399414
1053,1319,17,22,3.959132432937622
1054,1320,16,17,4.490666389465332
1055,1321,9,17,3.883938789367676
1056,1322,9,16,3.6643314361572266
1057,1322,17,32,4.091619968414307
1058,1323,9,16,3.1911354064941406
1059,1323,17,32,3.985028028488159
1060,1324,16,32,3.9982903003692627
1061,1324,17,22,3.709064483642578
1062,1325,9,16,3.9592883586883545
1063,1325,17,32,3.3482515811920166
1064,1326,2,22,3.7916107177734375
1065,1327,9,17,3.1505398750305176
1066,1328,9,16,4.067889213562012
1067,1329,2,16,3.9479715824127197
1068,1329,17,22,4.027965068817139
1069,1330,9,17,3.482900381088257
1070,1330,16,22,3.420271158218384
1071,1331,2,16,3.510244131088257
1072,1332,2,16,3.637606143951416
1073,1332,9,17,3.913215160369873
1074,1333,17,22,3.917083263397217
1075,1335,16,22,4.166748523712158
1076,1336,2,17,3.7313919067382812
1077,1337,2,17,3.972806930541992
1078,1337,22,32,4.00803804397583
1079,1338,2,9,4.14373779296875
1080,1338,22,32,3.869389295578003
1081,1339,9,17,3.668738842010498
1082,1340,9,16,3.3712596893310547
1083,1341,9,16,3.584278106689453
1084,1341,17,32,3.857809543609619
1085,1342,17,32,3.731466770172119
1086,1343,2,32,4.202918529510498
1087,1344,2,32,3.7207913398742676
1088,1344,9,17,3.392340898513794
1089,1347,2,17,3.6757705211639404
1090,1347,9,16,3.9164535999298096
1091,1348,9,16,4.017921447753906
1092,1349,9,16,3.508031129837036
1093,1349,22,32,4.0947723388671875
1094,1351,9,32,3.425748586654663
1095,1352,2,22,3.8679633140563965
1096,1352,9,32,3.5498204231262207
1097,1353,9,32,3.906280279159546
1098,1354,16,32,3.7048492431640625
1099,1355,16,32,3.5912253856658936
1100,1355,17,22,3.54805064201355
1101,1356,9,32,3.5487396717071533
1102,1356,17,22,3.6961987018585205
1103,1357,9,32,3.7097978591918945
1104,1357,17,22,3.783191204071045
1105,1358,9,16,3.5167033672332764
1106,1358,16,17,4.447569370269775
1107,1358,17,22,3.4443295001983643
1108,1359,17,22,3.4912381172180176
1109,1360,9,32,3.3884389400482178
1110,1360,17,22,3.887730121612549
1111,1361,9,32,4.177101135253906
1112,1361,17,22,3.299086093902588
1113,1362,9,32,3.4293711185455322
1114,1362,17,22,3.6683895587921143
1115,1363,16,22,3.930351734161377
1116,1364,16,22,3.690020799636841
1117,1365,9,32,3.9430091381073
1118,1365,16,22,3.7887654304504395
1119,1366,9,32,3.680558204650879
1120,1367,22,32,3.8482353687286377
1121,1368,22,32,3.340236186981201
1122,1371,2,22,3.9688544273376465
1123,1371,9,32,3.4337215423583984
1124,1372,2,22,3.338277578353882
1125,1372,9,32,3.4308366775512695
1126,1373,9,32,3.746258497238159
1127,1374,9,32,4.14661979675293
1128,1375,9,32,3.399881601333618
1129,1377,2,32,3.475968360900879
1130,1377,9,16,3.837157964706421
1131,1378,2,32,3.5014288425445557
1132,1379,2,32,3.9277491569519043
1133,1380,2,32,3.4519481658935547
1134,1381,2,32,3.87066388130188
1135,1381,16,17,4.483608722686768
1136,1381,16,22,3.8402411937713623
1137,1382,2,32,3.6942694187164307
1138,1382,9,17,3.517756223678589
1139,1382,16,22,3.5699069499969482
1140,1383,2,32,3.745678424835205
1141,1383,9,16,3.8176822662353516
1142,1384,2,32,3.405045986175537
1143,1384,9,17,3.6109299659729004
1144,1385,9,16,3.3732669353485107
1145,1386,9,16,3.95156192779541
1146,1387,16,22,3.79931640625
1147,1389,9,32,4.0101399421691895
1148,1390,9,32,3.973341464996338
1149,1390,16,22,3.813840866088867
1150,1391,9,16,3.892970323562622
1151,1391,17,22,3.4342992305755615
1152,1392,2,9,3.5925979614257812
1153,1392,17,32,3.8039205074310303
1154,1393,9,16,3.9428322315216064
1155,1394,9,16,3.9595582485198975
1156,1394,17,22,3.9461638927459717
1157,1395,9,16,3.522125244140625
1158,1397,2,17,3.462036371231079
1159,1398,2,17,4.054711818695068
1160,1398,16,22,4.101929187774658
1161,1399,2,17,3.5085761547088623
1162,1401,9,22,3.962041139602661
1163,1404,16,32,3.7737843990325928
1164,1404,17,22,3.700784921646118
1165,1405,16,22,3.415743589401245
1166,1406,2,32,3.4225523471832275
1167,1406,16,22,4.488195419311523
1168,1407,2,32,3.868288040161133
1169,1408,2,17,4.286350250244141
1170,1408,2,32,3.8809568881988525
1171,1408,9,16,3.4477059841156006
1172,1409,2,32,3.6849660873413086
1173,1409,9,16,3.7225749492645264
1174,1409,17,22,3.448467969894409
1175,1410,2,32,3.502391815185547
1176,1410,9,16,3.526813268661499
1177,1411,2,32,3.3661389350891113
1178,1411,9,22,3.585089921951294
1179,1412,2,32,3.6402676105499268
1180,1413,2,32,4.036414623260498
1181,1413,9,17,4.148816108703613
1182,1414,2,32,3.571181535720825
1183,1414,9,17,3.5845751762390137
1184,1415,2,32,3.8414759635925293
1185,1415,9,16,4.176690101623535
1186,1416,2,32,3.5904879570007324
1187,1416,9,16,4.08623743057251
1188,1417,2,32,4.042466163635254
1189,1417,9,17,3.4929451942443848
1190,1418,2,32,3.813220739364624
1191,1418,9,17,3.826925277709961
1192,1419,2,32,3.39174222946167
1193,1419,16,22,3.679908275604248
1194,1420,2,32,3.3490960597991943
1195,1421,17,22,3.791224479675293
1196,1422,2,32,3.3511526584625244
1197,1422,17,22,3.4079995155334473
1198,1423,2,32,3.670379638671875
1199,1423,17,22,3.745945692062378
1200,1424,2,9,3.4617228507995605
1201,1424,17,22,3.0946555137634277
1202,1425,2,9,3.62043833732605
1203,1425,17,22,3.9051458835601807
1204,1426,2,9,3.754321575164795
1205,1427,2,16,3.3131539821624756
1206,1428,2,17,3.660071611404419
1207,1429,16,32,3.8576877117156982
1208,1430,2,17,3.9916489124298096
1209,1430,16,32,3.4636542797088623
1210,1432,16,32,3.891819477081299
1211,1432,17,22,3.7858073711395264
1212,1433,16,32,3.590325117111206
1213,1433,17,22,3.766564130783081
1214,1434,16,32,3.7255141735076904
1215,1435,2,22,3.4736571311950684
1216,1435,16,32,4.1443305015563965
1217,1436,17,32,4.141210079193115
1218,1437,9,32,3.7432186603546143
1219,1438,9,32,3.92205810546875
1220,1440,2,16,3.276949405670166
1221,1440,9,17,3.3651466369628906
1222,1441,2,17,3.6689093112945557
1223,1442,2,17,4.1456522941589355
1224,1442,9,16,3.9274542331695557
1225,1443,9,16,3.8772058486938477
1226,1444,9,16,4.082195281982422
1227,1445,9,17,4.011551380157471
1228,1445,22,32,3.492561101913452
1229,1446,9,17,3.9708564281463623
1230,1446,22,32,3.995842218399048
1231,1447,22,32,3.4373507499694824
1232,1448,22,32,4.050694465637207
1233,1449,2,16,3.9443256855010986
1234,1449,22,32,4.144655227661133
1235,1450,22,32,3.682689666748047
1236,1451,22,32,4.077590465545654
1237,1452,22,32,3.9762561321258545
1238,1453,22,32,4.046793460845947
1239,1454,9,16,3.627694606781006
1240,1454,22,32,3.957184314727783
1241,1455,17,32,4.164586544036865
1242,1456,17,32,3.3682053089141846
1243,1457,2,22,3.860267162322998
1244,1457,17,32,3.73596453666687
1245,1458,17,32,3.858412504196167
1246,1459,2,22,3.9928064346313477
1247,1459,17,32,3.6425158977508545
1248,1460,22,32,3.573885917663574
1249,1463,2,22,3.7928566932678223
1250,1464,2,22,3.478815793991089
1251,1464,9,17,3.760812520980835
1252,1465,2,22,3.9901485443115234
1253,1466,2,22,3.9942803382873535
1254,1467,2,22,3.7868411540985107
1255,1469,9,16,3.9892783164978027
1256,1470,9,16,3.780984878540039
1257,1471,2,22,3.528496742248535
1258,1471,9,16,3.930217981338501
1259,1472,2,22,3.937934398651123
1260,1473,2,22,4.0643439292907715
1261,1475,9,16,4.427046298980713
1262,1476,2,22,3.856509208679199
1263,1476,9,16,3.202843427658081
1264,1477,9,16,3.3972301483154297
1265,1478,2,22,3.885101079940796
1266,1478,9,16,3.4786226749420166
1267,1479,2,22,3.310582399368286
1268,1479,9,16,3.864631175994873
1269,1480,2,22,3.597381830215454
1270,1481,9,17,4.193427085876465
1271,1482,2,22,3.622063159942627
1272,1482,9,17,3.529160737991333
1273,1483,2,22,4.074456214904785
1274,1483,9,16,4.064549922943115
1275,1484,2,22,3.8948473930358887
1276,1484,9,16,4.006938457489014
1277,1485,2,22,3.4425528049468994
1278,1485,9,17,4.03085470199585
1279,1486,9,17,3.5430595874786377
1280,1487,2,9,3.643155813217163
1281,1488,16,22,3.472005844116211
1282,1489,2,16,3.9126904010772705
1283,1490,2,16,3.7377073764801025
1284,1491,2,22,3.76332950592041
1285,1493,2,17,3.471949577331543
1286,1494,2,17,3.819359540939331
1287,1495,2,17,4.03839635848999
1288,1496,2,9,4.217339038848877
1289,1497,2,9,3.566556692123413
1290,1497,16,32,3.471015453338623
1291,1497,17,22,3.962106227874756
1292,1498,16,32,3.6544806957244873
1293,1498,17,22,4.0327043533325195
1294,1499,16,32,3.841150999069214
1295,1500,16,32,4.082047462463379
1296,1501,16,22,3.6019797325134277
1297,1501,17,32,3.8550682067871094
1298,1502,16,22,3.378201723098755
1299,1503,9,32,3.680624485015869
1300,1504,9,32,3.8216614723205566
1301,1505,2,16,3.816939115524292
1302,1505,9,32,4.052213191986084
1303,1506,2,16,3.8755102157592773
1304,1506,9,32,3.6636698246002197
1305,1507,2,17,3.508230686187744
1306,1507,9,32,3.883941888809204
1307,1508,2,16,3.95174503326416
1308,1508,9,32,3.6779444217681885
1309,1508,16,17,4.3230791091918945
1310,1509,9,32,3.5525779724121094
1311,1510,2,16,4.148013591766357
1312,1510,9,32,3.4896252155303955
1313,1511,2,32,3.363429307937622
1314,1513,2,22,3.3582677841186523
1315,1514,2,22,3.8994617462158203
1316,1515,9,17,3.659280776977539
1317,1517,16,22,3.8571808338165283
1318,1517,17,32,3.573479652404785
1319,1518,9,32,3.9779133796691895
1320,1519,17,22,3.605285882949829
1321,1520,9,32,3.5187559127807617
1322,1520,16,17,4.466103553771973
1323,1521,9,32,3.555050849914551
1324,1522,9,32,3.7846436500549316
1325,1523,9,32,3.550257921218872
1326,1524,9,32,3.869067668914795
1327,1525,9,32,4.095646858215332
1328,1525,16,22,3.79530930519104
1329,1526,9,32,3.600338935852051
1330,1527,9,32,3.9492859840393066
1331,1527,16,22,3.7577402591705322
1332,1528,9,32,3.7314319610595703
1333,1529,9,32,3.9996564388275146
1334,1529,16,22,3.6682965755462646
1335,1530,9,32,3.722341299057007
1336,1530,16,22,4.007511138916016
1337,1531,9,32,3.9585275650024414
1338,1532,2,9,3.504765510559082
1339,1532,17,22,3.236984968185425
1340,1533,2,9,3.872384786605835
1341,1533,17,22,3.7378063201904297
1342,1534,2,9,3.345381259918213
1343,1534,16,17,4.28720235824585
1344,1534,16,22,3.4786105155944824
1345,1535,17,22,4.031123161315918
1346,1536,17,22,3.4709010124206543
1347,1537,16,32,3.5135765075683594
1348,1538,9,32,4.0328545570373535
1349,1539,9,22,3.71242356300354
1350,1539,17,32,4.024217128753662
1351,1540,22,32,3.852368116378784
1352,1541,22,32,3.395390748977661
1353,1542,22,32,4.032896041870117
1354,1543,9,16,3.475611925125122
1355,1543,22,32,4.131194114685059
1356,1544,9,22,3.566420316696167
1357,1545,9,22,3.5098254680633545
1358,1545,16,32,4.043439865112305
1359,1546,9,22,3.5612800121307373
1360,1547,16,32,3.889639139175415
1361,1548,16,32,4.112551212310791
1362,1549,2,22,4.08030891418457
1363,1549,16,32,3.910128593444824
1364,1550,2,22,4.013585567474365
1365,1550,17,32,3.8546302318573
1366,1551,2,16,3.6197726726531982
1367,1551,17,32,3.5059585571289062
1368,1552,2,22,3.489048957824707
1369,1553,2,16,3.3911514282226562
1370,1553,17,32,3.4113380908966064
1371,1554,17,32,3.7171459197998047
1372,1555,9,16,3.3773672580718994
1373,1556,9,16,3.6973938941955566
1374,1557,16,32,4.187263488769531
1375,1558,16,32,3.856285333633423
1376,1559,2,16,3.561885118484497
1377,1559,17,32,3.7482492923736572
1378,1560,2,32,3.3436827659606934
1379,1561,16,32,3.8368217945098877
1380,1562,22,32,3.346677303314209
1381,1563,9,22,3.4093756675720215
1382,1565,9,16,3.9756956100463867
1383,1565,17,22,3.5158538818359375
1384,1566,9,16,3.936628818511963
1385,1566,17,22,4.21059513092041
1386,1567,2,32,3.029480457305908
1387,1567,16,22,3.891249179840088
1388,1568,9,16,4.409671306610107
1389,1568,9,17,4.154811859130859
1390,1569,2,32,3.4620752334594727
1391,1569,17,22,4.120874881744385
1392,1570,2,32,4.0485615730285645
1393,1570,17,22,3.5050652027130127
1394,1571,2,32,4.074216365814209
1395,1571,17,22,3.9204070568084717
1396,1572,16,22,3.3936538696289062
1397,1573,16,22,3.8058485984802246
1398,1574,2,32,4.02597713470459
1399,1574,16,22,3.8079328536987305
1400,1575,2,32,3.660156488418579
1401,1575,16,22,3.694953203201294
1402,1576,16,22,4.077992916107178
1403,1578,2,22,3.765164852142334
1404,1579,2,22,4.100172519683838
1405,1580,2,16,3.634964942932129
1406,1580,17,22,3.914264678955078
1407,1581,2,16,3.957973003387451
1408,1582,2,16,3.8257572650909424
1409,1582,9,32,3.844925880432129
1410,1583,2,16,4.047712802886963
1411,1583,9,32,3.9384539127349854
1412,1584,2,17,3.481126070022583
1413,1584,9,32,4.041080474853516
1414,1585,9,32,3.7409849166870117
1415,1587,9,17,3.307466983795166
1416,1588,9,16,3.7364211082458496
1417,1589,17,22,3.4353957176208496
1418,1590,16,22,3.934380292892456
1419,1592,9,32,3.8717479705810547
1420,1592,17,22,3.442362070083618
1421,1593,9,32,3.2810235023498535
1422,1594,2,16,3.892080307006836
1423,1594,9,32,3.6061415672302246
1424,1595,2,16,3.873119831085205
1425,1597,2,32,4.415571212768555
1426,1598,2,32,4.1208086013793945
1427,1598,9,16,3.4966232776641846
1428,1599,9,16,3.1710541248321533
1429,1599,22,32,3.7568376064300537
1430,1600,22,32,3.3799948692321777
1431,1601,22,32,4.0705952644348145
1432,1602,9,17,4.033780574798584
1433,1602,22,32,3.5906190872192383
1434,1603,2,32,4.049783229827881
1435,1603,9,17,3.634490489959717
1436,1604,2,32,3.648758888244629
1437,1605,17,32,3.654254674911499
1438,1606,9,16,3.4986672401428223
1439,1606,17,32,3.854564905166626
1440,1607,9,16,3.2643091678619385
1441,1607,17,32,3.5881991386413574
1442,1608,9,16,3.7865512371063232
1443,1608,17,32,3.402043581008911
1444,1609,9,16,3.7901861667633057
1445,1609,17,32,3.763650894165039
1446,1610,2,22,3.98808217048645
1447,1611,2,22,4.049624919891357
1448,1611,9,16,3.694586753845215
1449,1611,17,32,3.9463260173797607
1450,1612,2,22,3.654111385345459
1451,1612,9,16,3.934767007827759
1452,1613,2,22,3.5848498344421387
1453,1614,2,22,3.6577370166778564
1454,1615,9,16,3.60308575630188
1455,1615,22,32,3.782045602798462
1456,1616,9,17,4.001423358917236
1457,1616,22,32,3.418292284011841
1458,1617,9,17,4.045788288116455
1459,1617,22,32,3.4704482555389404
1460,1618,22,32,3.6759328842163086
1461,1619,16,32,3.704881429672241
1462,1620,9,22,3.883331775665283
1463,1620,16,32,3.492388963699341
1464,1621,16,32,3.5400917530059814
1465,1622,9,22,3.891634225845337
1466,1623,22,32,3.6174657344818115
1467,1624,2,9,3.3836162090301514
1468,1624,16,22,3.3478899002075195
1469,1625,22,32,4.008388996124268
1470,1626,9,22,3.6285741329193115
1471,1627,9,22,3.5182931423187256
1472,1627,16,32,3.680030345916748
1473,1628,9,22,3.437220811843872
1474,1628,22,32,4.379674434661865
1475,1629,9,22,3.901630163192749
1476,1629,22,32,4.415759563446045
1477,1630,9,17,3.9392309188842773
1478,1630,22,32,3.4089035987854004
1479,1632,9,16,3.88637113571167
1480,1632,22,32,3.3977174758911133
1481,1633,2,22,3.5910637378692627
1482,1633,9,16,3.649846315383911
1483,1634,9,16,3.7187271118164062
1484,1635,9,16,3.4957051277160645
1485,1636,9,16,3.9846959114074707
1486,1637,9,16,3.973325729370117
1487,1638,9,16,3.3963353633880615
1488,1638,17,32,3.8185369968414307
1489,1639,9,17,3.372913360595703
1490,1640,16,22,3.76138973236084
1491,1641,16,22,3.580596923828125
1492,1642,9,32,3.983558416366577
1493,1642,16,22,4.110203266143799
1494,1643,9,32,4.02720832824707
1495,1643,16,22,3.311228036880493
1496,1644,2,22,3.9718260765075684
1497,1644,17,22,4.293318748474121
1498,1645,2,22,3.7539544105529785
1499,1645,9,32,4.117578029632568
1500,1646,2,17,4.446299076080322
1501,1646,9,32,3.234719753265381
1502,1647,2,16,3.777658224105835
1503,1647,9,32,3.891483783721924
1504,1648,2,17,3.7551639080047607
1505,1648,9,32,3.6123945713043213
1506,1649,9,32,3.587484359741211
1507,1649,17,22,3.643425703048706
1508,1650,9,32,3.9279544353485107
1509,1651,9,32,3.822875738143921
1510,1653,9,32,4.002752304077148
1511,1655,17,22,3.7475550174713135
1512,1656,2,32,3.6999504566192627
1513,1656,9,22,3.226562976837158
1514,1657,2,32,3.934185028076172
1515,1657,9,22,3.9090428352355957
1516,1658,2,32,3.883995532989502
1517,1658,9,22,3.9309298992156982
1518,1659,2,32,3.839256525039673
1519,1659,9,22,4.0753583908081055
1520,1660,9,22,3.9157652854919434
1521,1662,2,17,3.7034664154052734
1522,1662,9,16,3.9360549449920654
1523,1662,22,32,3.7510907649993896
1524,1663,2,17,3.790196180343628
1525,1663,9,16,3.349541425704956
1526,1663,22,32,3.7402334213256836
1527,1664,9,16,3.919236660003662
1528,1664,22,32,3.901094913482666
1529,1665,2,9,3.568814992904663
1530,1665,17,32,3.959106206893921
1531,1666,2,9,3.963372230529785
1532,1666,17,32,3.3905136585235596
1533,1667,2,9,3.635528802871704
1534,1668,2,9,3.4928510189056396
1535,1670,2,9,3.472623109817505
1536,1672,9,22,4.421230792999268
1537,1673,9,22,3.9525277614593506
1538,1674,2,16,4.279226779937744
1539,1674,9,22,3.7665958404541016
1540,1675,2,16,3.8676276206970215
1541,1675,16,17,4.319566249847412
1542,1676,9,22,3.7987115383148193
1543,1677,9,22,3.977872133255005
1544,1678,2,17,3.8995189666748047
1545,1679,2,17,3.598498821258545
1546,1679,16,22,3.8343396186828613
1547,1680,2,17,3.2776577472686768
1548,1680,16,22,3.7887086868286133
1549,1681,9,22,4.446094989776611
1550,1681,16,22,3.920159339904785
1551,1682,2,17,4.152462959289551
1552,1682,16,22,4.044793605804443
1553,1683,9,32,3.7428982257843018
1554,1683,17,22,4.08246374130249
1555,1685,9,32,4.116493225097656
1556,1686,9,32,3.7757174968719482
1557,1686,17,22,4.012113094329834
1558,1687,9,32,3.8429372310638428
1559,1688,9,32,4.0802483558654785
1560,1689,9,32,3.757794141769409
1561,1690,22,32,3.919504404067993
1562,1691,9,16,3.5440869331359863
1563,1691,22,32,3.4087741374969482
1564,1692,9,16,4.069559097290039
1565,1692,22,32,3.7919156551361084
1566,1693,9,16,3.6783287525177
1567,1693,22,32,4.0404839515686035
1568,1694,9,16,3.881417989730835
1569,1694,22,32,3.5729596614837646
1570,1695,9,16,3.932765007019043
1571,1695,22,32,4.2148613929748535
1572,1696,9,17,3.7070724964141846
1573,1696,22,32,3.3142037391662598
1574,1697,9,16,3.861083745956421
1575,1697,22,32,3.737556219100952
1576,1698,22,32,3.7668025493621826
1577,1699,9,32,3.6127381324768066
1578,1700,9,32,3.697845220565796
1579,1702,9,32,3.433063268661499
1580,1703,2,32,3.964322328567505
1581,1704,2,32,3.9550299644470215
1582,1705,2,32,3.435537338256836
1583,1706,2,32,3.62089467048645
1584,1707,2,32,3.920870542526245
1585,1708,9,16,3.299578905105591
1586,1709,2,32,3.6540331840515137
1587,1709,9,16,3.3093342781066895
1588,1710,2,32,3.776789426803589
1589,1710,16,22,3.9417872428894043
1590,1711,2,32,3.78432559967041
1591,1711,9,16,3.494588613510132
1592,1711,16,17,4.415867328643799
1593,1711,17,22,3.480839252471924
1594,1712,2,32,4.033437728881836
1595,1712,17,22,3.4016308784484863
1596,1713,2,32,3.487854480743408
1597,1713,16,22,3.854253053665161
1598,1714,16,22,3.980456829071045
1599,1715,9,32,3.805565118789673
1600,1716,2,32,4.069770812988281
1601,1717,2,32,3.835237741470337
1602,1717,9,16,3.3901865482330322
1603,1718,2,32,4.038947582244873
1604,1718,9,16,4.035523891448975
1605,1719,2,32,4.0420708656311035
1606,1719,9,16,3.3589632511138916
1607,1720,2,32,3.8949127197265625
1608,1720,9,17,3.490898609161377
1609,1721,9,17,3.53031849861145
1610,1722,2,32,3.990513324737549
1611,1722,9,17,3.863217353820801
1612,1723,2,32,3.78975772857666
1613,1724,2,32,3.8941848278045654
1614,1724,16,22,4.058497428894043
1615,1725,2,32,3.9704370498657227
1616,1725,17,22,3.5587778091430664
1617,1726,2,32,3.457613229751587
1618,1726,16,17,4.489081859588623
1619,1726,17,22,3.473676919937134
1620,1727,2,32,3.8634116649627686
1621,1727,9,16,3.777754068374634
1622,1727,17,22,3.683471202850342
1623,1728,2,32,3.4591786861419678
1624,1728,9,16,3.4712347984313965
1625,1728,17,22,3.972682476043701
1626,1729,2,32,3.1593945026397705
1627,1729,9,16,4.037071704864502
1628,1729,17,22,4.1665143966674805
1629,1730,2,32,4.210160255432129
1630,1730,9,16,4.140665054321289
1631,1731,9,16,3.4526422023773193
1632,1732,2,32,3.6995654106140137
1633,1732,9,16,3.7443108558654785
1634,1733,2,32,2.9561328887939453
1635,1733,9,16,3.9842748641967773
1636,1734,2,32,3.7658658027648926
1637,1734,9,16,3.5917809009552
1638,1735,2,32,3.230910301208496
1639,1735,9,17,3.369786024093628
1640,1736,2,32,3.9424374103546143
1641,1736,9,17,3.9720609188079834
1642,1737,2,32,4.313727855682373
1643,1737,9,17,3.9575953483581543
1644,1738,2,32,4.034722805023193
1645,1738,9,16,3.789733409881592
1646,1739,2,32,4.0637383460998535
1647,1739,9,16,3.4610002040863037
1648,1740,2,32,3.470334529876709
1649,1740,9,16,3.7036404609680176
1650,1741,2,22,3.7452216148376465
1651,1742,2,22,3.8086600303649902
1652,1743,2,22,3.4422249794006348
1653,1743,17,32,3.563852071762085
1654,1744,9,17,3.6658732891082764
1655,1744,22,32,3.3874106407165527
1656,1745,16,32,3.901442050933838
1657,1746,2,22,3.802398204803467
1658,1746,16,32,3.2921462059020996
1659,1747,2,22,3.2987842559814453
1660,1747,16,32,3.6714227199554443
1661,1748,2,22,3.782090187072754
1662,1748,16,32,4.097412586212158
1663,1749,16,32,3.3453736305236816
1664,1750,9,32,3.839956045150757
1665,1750,17,32,4.246958255767822
1666,1751,2,22,3.7101025581359863
1667,1751,17,32,3.764470338821411
1668,1752,16,32,3.6093509197235107
1669,1753,2,22,3.984442710876465
1670,1753,16,32,4.0330328941345215
1671,1754,2,22,3.931431293487549
1672,1754,16,32,3.3091232776641846
1673,1755,2,22,3.952263355255127
1674,1755,16,32,3.8366262912750244
1675,1756,2,22,3.3742005825042725
1676,1756,17,32,3.4970037937164307
1677,1757,2,22,3.5497918128967285
1678,1757,17,32,3.44427490234375
1679,1758,2,22,4.044986724853516
1680,1758,17,32,3.5002188682556152
1681,1759,2,22,3.5655298233032227
1682,1759,9,32,3.6735177040100098
1683,1760,2,22,3.841244697570801
1684,1760,9,32,3.8792965412139893
1685,1761,2,22,3.6718945503234863
1686,1761,9,32,3.955493927001953
1687,1762,2,22,3.7367305755615234
1688,1762,9,32,4.000428199768066
1689,1763,9,32,3.743157148361206
1690,1764,9,32,3.859473943710327
1691,1764,17,22,3.8172426223754883
1692,1765,16,32,3.5209920406341553
1693,1765,17,22,3.8830153942108154
1694,1766,16,32,3.5507452487945557
1695,1766,17,22,4.058072566986084
1696,1767,16,32,3.880169153213501
1697,1767,17,22,3.9873263835906982
1698,1768,16,32,3.914695978164673
1699,1768,17,22,3.5310230255126953
1700,1769,9,32,4.346095085144043
1701,1769,16,32,4.045958518981934
1702,1769,17,22,3.3979649543762207
1703,1770,16,32,3.908102035522461
1704,1770,17,22,3.400453805923462
1705,1771,2,32,4.1438798904418945
1706,1772,2,16,3.6142969131469727
1707,1773,2,9,3.9336910247802734
1708,1774,2,9,4.149410724639893
1709,1775,9,32,3.556957721710205
1710,1776,9,32,3.8542368412017822
1711,1777,9,32,4.092931270599365
1712,1778,9,32,4.034930229187012
1713,1778,17,22,3.3535690307617188
1714,1779,9,32,4.098235130310059
1715,1779,17,22,3.930560827255249
1716,1780,9,32,3.646029233932495
1717,1780,17,22,3.9341869354248047
1718,1781,2,32,3.346304416656494
1719,1782,2,32,3.8167526721954346
1720,1782,9,17,3.9107093811035156
1721,1783,2,32,3.9335849285125732
1722,1783,9,17,3.8460731506347656
1723,1784,9,17,3.5197415351867676
1724,1785,2,22,3.8115711212158203
1725,1785,9,17,3.124387264251709
1726,1786,2,22,3.53157901763916
1727,1786,9,17,3.8873438835144043
1728,1787,9,17,3.8378970623016357
1729,1788,9,17,3.770557165145874
1730,1789,2,32,3.7123396396636963
1731,1789,9,16,4.091726779937744
1732,1789,16,17,4.429101943969727
1733,1789,17,22,3.9013586044311523
1734,1790,2,32,3.892582416534424
1735,1790,9,16,3.3948073387145996
1736,1790,17,22,3.7634222507476807
1737,1791,2,32,3.394068479537964
1738,1791,9,16,4.043095588684082
1739,1792,2,32,3.3339133262634277
1740,1792,9,17,3.8159027099609375
1741,1793,2,32,3.9681925773620605
1742,1793,9,16,3.472511053085327
1743,1794,2,32,3.797529458999634
1744,1794,9,16,3.4648468494415283
1745,1794,17,22,3.7925448417663574
1746,1795,2,32,3.533017635345459
1747,1795,9,16,3.824097156524658
1748,1795,17,22,4.000533103942871
1749,1796,2,32,3.779026985168457
1750,1796,9,16,3.9465956687927246
1751,1796,17,22,3.930600166320801
1752,1797,2,32,3.767526149749756
1753,1797,9,16,3.9871649742126465
1754,1797,17,22,3.9684600830078125
1755,1798,2,32,3.3424618244171143
1756,1798,9,16,4.0581488609313965
1757,1798,17,22,3.4002325534820557
1758,1799,2,32,3.660186290740967
1759,1799,17,22,4.0608110427856445
1760,1800,2,32,3.6978371143341064
1761,1800,17,22,3.488835334777832
1762,1801,2,32,3.5453484058380127
1763,1802,2,32,3.876143455505371
1764,1802,17,22,4.038759231567383
1765,1803,2,32,3.4436469078063965
1766,1803,17,22,4.158751010894775
1767,1804,2,32,4.07546854019165
1768,1804,16,22,3.6271719932556152
1769,1805,2,32,3.9804694652557373
1770,1805,16,22,3.953955888748169
1771,1806,2,32,4.142214775085449
1772,1807,2,32,3.330673933029175
1773,1807,17,22,4.132421016693115
1774,1808,2,32,3.4284965991973877
1775,1808,17,22,3.7153191566467285
1776,1809,2,32,3.5562822818756104
1777,1809,16,22,3.370496988296509
1778,1810,2,32,3.9860332012176514
1779,1810,16,22,3.6066036224365234
1780,1811,2,32,3.751852512359619
1781,1811,16,22,3.9399795532226562
1782,1812,2,32,3.3034636974334717
1783,1813,2,32,3.8996458053588867
1784,1814,2,32,3.919674873352051
1785,1814,9,16,3.7851221561431885
1786,1815,2,32,3.5214788913726807
1787,1815,9,17,3.9493629932403564
1788,1816,2,32,3.40018892288208
1789,1816,9,16,3.788689613342285
1790,1817,2,32,3.772005558013916
1791,1817,9,16,3.6063246726989746
1792,1817,16,32,4.321156978607178
1793,1817,17,22,3.813586711883545
1794,1818,2,32,3.7660255432128906
1795,1819,2,32,3.4753971099853516
1796,1819,9,16,4.044084072113037
1797,1820,2,32,4.1543755531311035
1798,1820,9,16,3.86482834815979
1799,1821,2,32,3.6392858028411865
1800,1821,9,16,3.96136212348938
1801,1822,2,22,4.074735164642334
1802,1822,9,16,4.015016078948975
1803,1823,2,22,3.5150554180145264
1804,1824,2,22,3.951463222503662
1805,1824,17,32,3.9345431327819824
1806,1825,2,22,3.812166213989258
1807,1825,17,32,3.7251734733581543
1808,1826,2,22,4.111198425292969
1809,1826,17,32,3.6449332237243652
1810,1827,17,32,3.2578284740448
1811,1828,16,32,3.4571688175201416
1812,1829,17,32,3.583325147628784
1813,1830,2,22,3.787210702896118
1814,1831,2,22,3.9049389362335205
1815,1831,9,32,3.681175947189331
1816,1831,22,32,4.06069278717041
1817,1832,16,32,3.338454246520996
1818,1833,2,9,3.529752254486084
1819,1833,9,32,4.371422290802002
1820,1834,17,22,3.5395607948303223
1821,1836,17,32,3.8200087547302246
1822,1839,22,32,4.029958248138428
1823,1841,22,32,3.532715082168579
1824,1842,22,32,3.3934872150421143
1825,1843,9,16,3.6143503189086914
1826,1844,9,16,3.9682810306549072
1827,1845,9,17,3.9118194580078125
1828,1845,22,32,3.768810749053955
1829,1846,9,16,4.0695905685424805
1830,1846,22,32,3.8896191120147705
1831,1847,9,17,3.947685480117798
1832,1847,16,32,3.4297292232513428
1833,1848,22,32,3.7524492740631104
1834,1849,9,16,3.8122992515563965
1835,1849,22,32,4.095443248748779
1836,1850,9,16,4.068977355957031
1837,1851,22,32,4.133910179138184
1838,1852,9,16,4.029475688934326
1839,1852,22,32,3.686251401901245
1840,1853,9,16,3.781411647796631
1841,1853,22,32,4.091482639312744
1842,1854,9,17,4.032224655151367
1843,1854,22,32,3.944880962371826
1844,1856,9,32,3.7354538440704346
1845,1856,16,17,4.399403095245361
1846,1857,9,32,3.8643112182617188
1847,1857,16,22,3.668179988861084
1848,1858,9,32,3.8325281143188477
1849,1858,16,22,3.7193427085876465
1850,1859,9,32,3.92519474029541
1851,1859,16,22,3.9243855476379395
1852,1860,9,32,4.04380464553833
1853,1860,16,22,3.7890923023223877
1854,1861,9,32,3.1023850440979004
1855,1861,16,22,3.854247570037842
1856,1862,9,32,3.556933879852295
1857,1862,16,22,3.6096599102020264
1858,1863,9,32,3.524390697479248
1859,1863,16,22,3.7658627033233643
1860,1864,2,16,3.8392343521118164
1861,1864,9,32,3.5856666564941406
1862,1865,9,32,3.8995232582092285
1863,1866,9,32,3.8890600204467773
1864,1867,9,32,3.6045098304748535
1865,1867,17,22,4.065998554229736
1866,1868,9,32,3.4642269611358643
1867,1868,17,22,3.811286687850952
1868,1869,9,32,3.5459630489349365
1869,1869,17,22,4.1844258308410645
1870,1870,2,16,3.7165586948394775
1871,1870,9,32,3.975574493408203
1872,1870,17,22,3.4454851150512695
1873,1871,9,32,4.156327724456787
1874,1871,17,22,3.785712957382202
1875,1872,9,32,4.064267158508301
1876,1872,16,22,3.9459691047668457
1877,1873,16,22,3.9924817085266113
1878,1874,9,32,3.710911989212036
1879,1874,16,22,3.886371374130249
1880,1875,9,32,3.7019083499908447
1881,1876,9,32,3.1497957706451416
1882,1877,9,32,3.8025834560394287
1883,1877,16,22,4.166257858276367
1884,1878,9,32,3.919809579849243
1885,1878,16,22,3.398905038833618
1886,1879,9,32,3.6875569820404053
1887,1879,16,22,4.111051082611084
1888,1880,9,32,3.7631986141204834
1889,1880,16,22,3.9642908573150635
1890,1881,9,32,4.036529064178467
1891,1881,16,22,3.865227699279785
1892,1882,9,32,3.483964443206787
1893,1882,16,22,4.032772541046143
1894,1883,9,32,3.2308006286621094
1895,1884,9,17,4.098138332366943
1896,1885,9,17,3.9337666034698486
1897,1886,9,17,3.983074903488159
1898,1886,16,22,3.6326687335968018
1899,1887,16,22,3.831108570098877
1900,1888,9,16,3.852222442626953
1901,1888,17,22,3.4554922580718994
1902,1889,9,16,3.5309412479400635
1903,1889,17,22,3.8549256324768066
1904,1890,2,22,3.732198715209961
1905,1890,9,17,3.453580856323242
1906,1891,2,22,3.434631824493408
1907,1891,9,16,3.2888286113739014
1908,1892,2,32,3.4784443378448486
1909,1892,9,16,3.9054384231567383
1910,1893,2,22,3.938638925552368
1911,1893,9,16,3.6020348072052
1912,1893,22,32,3.6277236938476562
1913,1894,9,16,3.741295576095581
1914,1894,22,32,4.1088457107543945
1915,1895,9,16,3.832698106765747
1916,1895,22,32,3.616030216217041
1917,1896,9,17,3.8226444721221924
1918,1896,22,32,3.9437754154205322
1919,1897,2,32,4.386401176452637
1920,1897,9,22,3.9065539836883545
1921,1898,2,32,3.8000528812408447
1922,1898,9,22,3.6500611305236816
1923,1899,9,32,4.173167705535889
1924,1900,22,32,3.7326741218566895
1925,1901,2,9,4.120891571044922
1926,1901,22,32,3.9364914894104004
1927,1902,9,32,3.6106882095336914
1928,1903,22,32,3.9994699954986572
1929,1904,16,22,3.6842293739318848
1930,1905,16,32,3.6617445945739746
1931,1906,9,32,3.6113100051879883
1932,1907,9,32,3.2159271240234375
1933,1908,2,22,3.8884520530700684
1934,1908,17,32,3.5970776081085205
1935,1909,2,22,3.30191969871521
1936,1909,9,32,3.6082475185394287
1937,1910,2,22,3.8649861812591553
1938,1910,16,32,4.015838146209717
1939,1911,2,22,4.2001237869262695
1940,1911,16,32,4.00237512588501
1941,1912,2,22,3.71230411529541
1942,1912,16,32,3.56166672706604
1943,1913,16,32,3.5451488494873047
1944,1914,17,32,3.48763108253479
1945,1915,17,22,3.5826950073242188
1946,1916,9,32,3.2275023460388184
1947,1916,17,22,4.0885515213012695
1948,1917,9,32,3.8738808631896973
1949,1917,17,22,3.8602256774902344
1950,1918,9,32,3.2107274532318115
1951,1918,17,22,4.111105918884277
1952,1919,9,32,3.4950082302093506
1953,1919,17,22,3.6075189113616943
1954,1920,9,32,3.364039421081543
1955,1920,17,22,3.865234851837158
1956,1921,9,32,3.595886707305908
1957,1921,17,22,3.4804069995880127
1958,1922,9,32,3.2727205753326416
1959,1922,17,22,3.2441000938415527
1960,1923,9,32,3.8851780891418457
1961,1923,17,22,3.542184591293335
1962,1924,2,32,3.753096103668213
1963,1924,17,22,3.4485573768615723
1964,1925,2,32,4.037319660186768
1965,1925,17,22,4.272445201873779
1966,1926,2,32,3.7553634643554688
1967,1926,9,16,3.8642234802246094
1968,1927,2,32,3.5279340744018555
1969,1927,9,16,3.3568339347839355
1970,1928,2,32,3.929954767227173
1971,1928,17,22,3.980219602584839
1972,1929,2,32,3.786099910736084
1973,1929,17,22,3.7365620136260986
1974,1930,2,32,3.953899621963501
1975,1930,9,22,3.5893590450286865
1976,1931,2,32,3.6670496463775635
1977,1931,9,22,3.98002290725708
1978,1932,2,32,3.968669891357422
1979,1932,9,22,3.5801355838775635
1980,1932,17,22,4.11306095123291
1981,1933,2,32,3.990647077560425
1982,1933,9,22,4.070115566253662
1983,1934,9,17,3.308786630630493
1984,1935,9,17,3.487645149230957
1985,1936,2,16,3.445800542831421
1986,1937,2,16,3.6248717308044434
1987,1938,2,16,3.6559107303619385
1988,1938,9,22,3.3328757286071777
1989,1939,2,16,4.05399227142334
1990,1939,9,22,3.7519755363464355
1991,1940,9,22,3.6719117164611816
1992,1941,9,16,4.006373882293701
1993,1942,9,16,3.922919273376465
1994,1943,9,16,4.047670364379883
1995,1945,2,9,4.361391067504883
1996,1945,9,16,3.6576924324035645
1997,1946,9,16,3.932326555252075
1998,1946,22,32,3.821815252304077
1999,1947,16,22,3.962554931640625
2000,1948,16,22,3.4862308502197266
2001,1949,16,22,3.7029192447662354
2002,1950,9,17,3.609246253967285
2003,1950,16,22,3.922144889831543
2004,1951,2,32,3.948793888092041
2005,1951,16,22,3.735990524291992
2006,1952,2,32,3.547098398208618
2007,1952,16,22,3.6407856941223145
2008,1953,2,32,3.7516539096832275
2009,1954,2,32,4.087204456329346
2010,1954,9,17,4.139410972595215
2011,1954,16,22,3.5085458755493164
2012,1955,2,32,3.8469016551971436
2013,1955,9,17,3.3448636531829834
2014,1955,16,22,3.2921853065490723
2015,1956,2,32,4.1554274559021
2016,1956,9,17,4.112104892730713
2017,1956,16,22,3.8423514366149902
2018,1957,2,32,3.994563341140747
2019,1957,9,17,3.892948627471924
2020,1957,16,22,3.9991133213043213
2021,1958,2,32,3.5054564476013184
2022,1958,9,22,3.4967381954193115
2023,1959,9,32,3.5347464084625244
2024,1960,17,22,4.067317008972168
2025,1961,2,32,4.0220723152160645
2026,1961,17,22,3.7555482387542725
2027,1962,2,32,3.798091411590576
2028,1963,2,32,3.7006077766418457
2029,1963,16,22,3.935912609100342
2030,1964,2,32,3.5718953609466553
2031,1964,17,22,3.583487033843994
2032,1965,2,32,3.3475308418273926
2033,1965,17,22,4.039018154144287
2034,1966,2,32,3.920999050140381
2035,1966,17,22,4.1449971199035645
2036,1967,16,32,3.9672772884368896
2037,1968,2,17,3.9103074073791504
2038,1968,16,32,3.3188083171844482
2039,1969,16,32,3.5502216815948486
2040,1970,16,32,3.9489779472351074
2041,1971,16,32,3.980362892150879
2042,1971,17,22,3.8560640811920166
2043,1972,9,22,3.297312021255493
2044,1972,16,32,3.9945929050445557
2045,1973,9,22,3.6911463737487793
2046,1974,2,22,4.416205883026123
2047,1975,2,22,3.306027889251709
2048,1975,9,16,3.9943206310272217
2049,1976,2,22,3.8484182357788086
2050,1976,9,16,3.8159680366516113
2051,1977,2,22,4.107136249542236
2052,1977,16,32,3.406290292739868
2053,1978,16,32,3.5064847469329834
2054,1979,2,22,3.5969767570495605
2055,1979,9,17,3.8684334754943848
2056,1979,16,32,3.5501112937927246
2057,1980,2,22,3.5593652725219727
2058,1980,9,17,3.8464674949645996
2059,1980,16,32,3.723710775375366
2060,1981,2,22,3.9417824745178223
2061,1981,9,17,3.907150983810425
2062,1981,16,32,3.9258546829223633
2063,1982,2,22,3.9161274433135986
2064,1982,9,17,3.7715835571289062
2065,1982,16,32,3.5703721046447754
2066,1983,9,17,3.529904842376709
2067,1984,9,17,3.9470455646514893
2068,1986,9,32,3.745151996612549
2069,1987,2,17,3.720719575881958
2070,1987,9,32,3.432917833328247
2071,1988,2,17,4.0909905433654785
2072,1988,9,32,3.544959306716919
2073,1989,9,32,4.083600044250488
2074,1989,17,22,3.7133209705352783
2075,1990,9,32,4.183410167694092
2076,1990,17,22,3.894804000854492
2077,1991,16,32,3.649895191192627
2078,1991,17,22,3.711966037750244
2079,1992,9,32,4.00917387008667
2080,1992,17,22,3.8513500690460205
2081,1993,9,32,4.041397571563721
2082,1993,17,22,3.8513059616088867
2083,1994,9,16,3.8614776134490967
2084,1994,17,22,3.3828561305999756
2085,1995,9,22,3.764582633972168
2086,1996,9,22,3.6833717823028564
2087,1997,9,17,3.688788414001465
2088,1997,22,32,3.448307752609253
2089,1998,2,16,4.118068695068359
2090,1998,9,17,3.1650943756103516
2091,1998,22,32,3.5518958568573
2092,1999,9,17,4.020190715789795
2093,1999,22,32,3.5580861568450928
2094,2000,9,16,3.410269260406494
2095,2000,22,32,4.145841598510742
2096,2001,9,16,3.8423171043395996
2097,2001,22,32,3.3696281909942627
2098,2002,9,16,3.3768577575683594
2099,2002,22,32,3.6218812465667725
2100,2003,9,17,3.345675230026245
2101,2003,22,32,3.841463804244995
2102,2004,9,17,3.538987159729004
2103,2004,22,32,4.083378791809082
2104,2005,9,17,3.6101760864257812
2105,2005,22,32,4.025888919830322
2106,2006,9,17,3.578040599822998
2107,2006,22,32,3.366603136062622
2108,2007,9,16,4.00279426574707
2109,2007,22,32,4.061148166656494
2110,2008,9,32,3.831181049346924
2111,2009,9,32,4.0190911293029785
2112,2010,22,32,3.94362473487854
2113,2011,9,32,3.581319808959961
2114,2012,17,32,3.4454290866851807
2115,2013,9,32,3.641956090927124
2116,2013,16,32,4.36863374710083
2117,2014,16,32,3.823361396789551
2118,2015,16,32,3.8886711597442627
2119,2016,22,32,3.6855554580688477
2120,2017,22,32,3.646313428878784
2121,2018,9,16,3.6227407455444336
2122,2018,22,32,3.83168363571167
2123,2019,9,16,3.323592185974121
2124,2019,22,32,3.8526506423950195
2125,2020,9,16,3.7115371227264404
2126,2020,22,32,3.9251222610473633
2127,2021,9,16,3.8391799926757812
2128,2021,22,32,3.681095600128174
2129,2022,9,16,3.9741721153259277
2130,2022,22,32,3.410763740539551
2131,2023,9,17,4.047523021697998
2132,2023,22,32,4.047115802764893
2133,2024,9,17,3.8788888454437256
2134,2024,22,32,3.677809238433838
2135,2025,22,32,3.860975503921509
2136,2026,9,16,3.3951945304870605
2137,2026,22,32,3.961616277694702
2138,2027,9,16,3.3692848682403564
2139,2027,22,32,4.02238130569458
2140,2028,9,16,3.536184549331665
2141,2028,22,32,3.864717721939087
2142,2029,9,16,3.701509475708008
2143,2029,22,32,4.045077323913574
2144,2030,22,32,3.6574878692626953
2145,2031,9,17,3.7408955097198486
2146,2031,22,32,4.113654613494873
2147,2032,9,17,3.633380651473999
2148,2032,22,32,3.3977513313293457
2149,2033,9,17,4.102865695953369
2150,2033,22,32,4.036159038543701
2151,2034,9,17,3.8701343536376953
2152,2034,22,32,4.069573402404785
2153,2035,9,17,3.569685220718384
2154,2035,22,32,3.627532482147217
2155,2036,9,17,3.5262093544006348
2156,2036,22,32,3.5282676219940186
2157,2037,9,17,3.4682347774505615
2158,2037,22,32,3.643801212310791
2159,2038,22,32,3.938865900039673
2160,2039,22,32,4.073358535766602
2161,2040,9,16,3.686126470565796
2162,2040,22,32,3.686471700668335
2163,2041,9,16,3.4041049480438232
2164,2041,22,32,4.081796169281006
2165,2042,9,16,4.0135626792907715
2166,2042,22,32,3.655726432800293
2167,2043,9,16,3.8019042015075684
2168,2043,22,32,3.6857168674468994
2169,2044,22,32,3.770402431488037
2170,2045,9,16,4.028160095214844
2171,2045,22,32,4.078269958496094
2172,2046,9,16,3.463636636734009
2173,2046,22,32,4.058621406555176
2174,2047,22,32,4.078882217407227
2175,2048,9,32,3.3818390369415283
2176,2049,22,32,3.9846997261047363
2177,2050,9,32,3.8915045261383057
2178,2050,22,32,4.150480270385742
2179,2051,22,32,4.116363048553467
2180,2052,22,32,3.832981586456299
2181,2053,9,32,3.9853127002716064
2182,2054,22,32,3.7997045516967773
2183,2055,9,32,3.7949233055114746
2184,2056,9,22,3.619541883468628
2185,2057,22,32,4.012566566467285
2186,2058,9,17,3.415395736694336
2187,2058,22,32,4.080523490905762
2188,2059,9,16,4.057799339294434
2189,2059,22,32,4.039675235748291
2190,2060,9,16,3.5637590885162354
2191,2060,22,32,3.4258902072906494
2192,2061,9,16,3.709399461746216
2193,2061,22,32,3.880638599395752
2194,2062,9,16,3.8947789669036865
2195,2062,22,32,3.931378126144409
2196,2063,22,32,3.47961163520813
2197,2064,22,32,3.744001626968384
2198,2065,9,17,4.076510906219482
2199,2065,22,32,3.4830236434936523
2200,2066,9,17,3.933664083480835
2201,2066,22,32,3.637115001678467
2202,2067,2,32,3.689235210418701
2203,2067,9,17,3.824533462524414
2204,2068,2,32,4.103623390197754
2205,2068,9,17,4.0046491622924805
2206,2069,2,32,3.576490640640259
2207,2069,9,16,4.006720066070557
2208,2070,9,16,3.82515811920166
2209,2070,22,32,4.049745559692383
2210,2071,9,16,4.146236419677734
2211,2072,2,32,4.042724132537842
2212,2072,9,16,3.883419990539551
2213,2073,9,16,3.962712287902832
2214,2073,22,32,3.906489133834839
2215,2074,9,16,3.831002712249756
2216,2074,22,32,3.855527877807617
2217,2075,9,16,3.7125959396362305
2218,2075,22,32,3.8726089000701904
2219,2076,2,22,4.375436305999756
2220,2076,9,16,3.9708433151245117
2221,2076,22,32,3.773618221282959
2222,2077,9,16,3.5136702060699463
2223,2077,22,32,3.836237668991089
2224,2078,9,17,3.6269452571868896
2225,2078,22,32,3.4625468254089355
2226,2079,9,17,3.7413742542266846
2227,2079,22,32,3.8139264583587646
2228,2080,9,17,3.963585138320923
2229,2080,22,32,3.704380512237549
2230,2081,9,17,3.81911301612854
2231,2081,22,32,3.996816873550415
2232,2082,9,17,3.6205813884735107
2233,2082,22,32,4.026436805725098
2234,2083,9,17,3.3937265872955322
2235,2083,22,32,3.8657290935516357
2236,2084,9,17,3.762406826019287
2237,2084,22,32,3.9136085510253906
2238,2085,22,32,4.061293125152588
2239,2086,9,17,3.699930429458618
2240,2086,22,32,3.286552667617798
2241,2087,9,17,3.6129252910614014
2242,2087,22,32,3.188957691192627
2243,2088,22,32,3.770611047744751
2244,2089,22,32,3.826650619506836
2245,2090,9,22,3.798189878463745
2246,2091,9,32,3.415137767791748
2247,2092,16,32,3.699583053588867
2248,2093,9,16,3.4811649322509766
2249,2093,22,32,3.429945707321167
2250,2094,2,32,3.479940176010132
2251,2094,9,16,3.953632116317749
2252,2095,2,32,4.013633728027344
2253,2096,2,32,3.9812188148498535
2254,2096,9,17,3.47188138961792
2255,2097,2,32,3.7443888187408447
2256,2097,9,17,3.6642801761627197
2257,2098,2,32,4.011959075927734
2258,2098,9,22,3.827216863632202
2259,2099,2,32,3.4616451263427734
2260,2099,9,22,3.4019834995269775
2261,2100,9,22,3.8694229125976562
2262,2101,2,32,4.0314836502075195
2263,2101,9,22,3.5603063106536865
2264,2102,2,32,3.625519037246704
2265,2102,9,22,3.2261898517608643
2266,2103,2,32,3.891019582748413
2267,2103,9,16,3.4585084915161133
2268,2103,17,22,3.6673879623413086
2269,2104,2,32,3.5020620822906494
2270,2104,16,22,3.4524106979370117
2271,2105,9,32,3.4477241039276123
2272,2105,16,22,3.658611536026001
2273,2107,9,32,3.428631067276001
2274,2107,16,22,3.979973316192627
2275,2108,2,9,4.118972301483154
2276,2108,22,32,4.092691898345947
2277,2109,2,9,3.9193496704101562
2278,2109,16,32,3.944420099258423
2279,2110,2,9,3.2807774543762207
2280,2110,16,32,3.394002914428711
2281,2111,16,32,3.99923038482666
2282,2112,22,32,3.8856968879699707
2283,2113,2,9,3.8307433128356934
2284,2113,16,32,3.5959312915802
2285,2114,2,9,3.5058095455169678
2286,2114,16,32,3.890990734100342
2287,2115,2,9,4.0834550857543945
2288,2115,16,32,3.8306884765625
2289,2116,2,9,3.965312957763672
2290,2116,16,32,3.8050150871276855
2291,2116,22,32,4.088171005249023
2292,2117,2,9,3.466531753540039
2293,2117,22,32,3.6243999004364014
2294,2118,2,9,4.116016387939453
2295,2118,22,32,3.6145944595336914
2296,2119,22,32,3.780743360519409
2297,2120,16,32,3.5309276580810547
2298,2120,17,22,3.6882216930389404
2299,2121,22,32,3.851121664047241
2300,2122,16,22,3.4770333766937256
2301,2123,9,16,3.7515902519226074
2302,2123,22,32,3.7854063510894775
2303,2124,22,32,3.8705875873565674
2304,2125,2,22,3.8771305084228516
2305,2125,9,16,3.781924247741699
2306,2125,17,32,3.8386359214782715
2307,2126,9,16,3.829637050628662
2308,2126,17,32,3.705984354019165
2309,2127,9,16,3.7515623569488525
2310,2127,17,32,3.4497334957122803
2311,2128,9,16,3.7156288623809814
2312,2128,22,32,3.6747500896453857
2313,2129,22,32,3.807710886001587
2314,2130,22,32,3.611138343811035
2315,2131,22,32,3.713801383972168
2316,2132,22,32,3.4991464614868164
2317,2133,22,32,3.993149757385254
2318,2134,2,9,3.994051456451416
2319,2134,22,32,3.7749736309051514
2320,2135,22,32,3.889503240585327
2321,2136,22,32,3.7078049182891846
2322,2137,22,32,3.8122098445892334
2323,2138,22,32,3.9423296451568604
2324,2139,22,32,3.4218521118164062
2325,2140,22,32,4.046185493469238
2326,2141,22,32,3.7990243434906006
2327,2142,22,32,4.032886505126953
2328,2143,22,32,4.123163223266602
2329,2144,22,32,3.5153725147247314
2330,2145,22,32,3.6162829399108887
2331,2146,22,32,3.741454601287842
2332,2147,22,32,4.0114569664001465
2333,2148,22,32,3.904580593109131
2334,2149,22,32,4.086756229400635
2335,2150,22,32,3.4900026321411133
2336,2151,22,32,3.3871560096740723
2337,2152,22,32,3.9413294792175293
2338,2153,22,32,3.3412091732025146
2339,2154,22,32,3.4123833179473877
2340,2155,22,32,3.9005751609802246
2341,2156,22,32,3.9959938526153564
2342,2157,2,16,3.733853816986084
2343,2157,22,32,4.138003826141357
2344,2158,2,16,3.65238094329834
2345,2158,22,32,3.5400614738464355
2346,2159,2,16,3.531623601913452
2347,2160,2,16,4.02949333190918
2348,2160,22,32,3.7477598190307617
2349,2161,2,16,3.7641820907592773
2350,2161,22,32,4.120870113372803
2351,2162,2,16,3.66827392578125
2352,2162,9,32,3.4692795276641846
2353,2162,22,32,4.3005547523498535
2354,2163,2,16,3.5827596187591553
2355,2163,9,32,3.7858669757843018
2356,2164,2,16,4.115729808807373
2357,2164,9,32,3.841250419616699
2358,2165,9,22,3.7154855728149414
2359,2166,2,17,3.2680492401123047
2360,2166,9,32,3.8080949783325195
2361,2167,2,17,3.5652334690093994
2362,2168,9,16,3.87611722946167
2363,2169,2,32,3.521942377090454
2364,2169,9,16,4.107119083404541
2365,2170,2,32,3.8338937759399414
2366,2170,9,16,3.609072208404541
2367,2170,16,17,4.436307907104492
2368,2171,9,17,4.1054301261901855
2369,2171,22,32,3.676910400390625
2370,2172,9,17,3.427579641342163
2371,2172,22,32,3.970104455947876
2372,2173,9,17,3.8675854206085205
2373,2173,22,32,3.9331037998199463
2374,2174,9,17,4.02964448928833
2375,2174,22,32,3.6248974800109863
2376,2175,9,17,3.863368511199951
2377,2175,22,32,3.0734269618988037
2378,2176,9,17,3.8563568592071533
2379,2176,22,32,3.4865078926086426
2380,2177,22,32,3.683718681335449
2381,2178,2,17,3.890504837036133
2382,2178,22,32,3.475145101547241
2383,2179,2,17,3.4862682819366455
2384,2179,22,32,3.3644802570343018
2385,2180,2,17,4.095277786254883
2386,2180,9,16,3.4277844429016113
2387,2180,22,32,3.4707794189453125
2388,2181,2,17,3.9512572288513184
2389,2181,9,16,3.7587342262268066
2390,2181,22,32,3.52199125289917
2391,2182,2,17,3.994795799255371
2392,2182,9,32,3.809370756149292
2393,2183,2,17,3.8248510360717773
2394,2183,9,32,3.5111801624298096
2395,2184,2,17,3.543224573135376
2396,2184,9,32,3.4203572273254395
2397,2184,17,32,4.486634731292725
2398,2186,9,32,3.9542760848999023
2399,2188,22,32,4.0754618644714355
2400,2189,2,9,3.899301052093506
2401,2189,22,32,3.45548415184021
2402,2190,2,9,3.296081066131592
2403,2190,22,32,3.637242078781128
2404,2191,2,9,3.8476624488830566
2405,2191,22,32,3.6117382049560547
2406,2192,22,32,4.3707990646362305
2407,2193,2,9,3.804521322250366
2408,2193,22,32,3.8893187046051025
2409,2194,2,9,3.8161020278930664
2410,2194,22,32,3.7776362895965576
2411,2195,2,9,4.0077223777771
2412,2195,22,32,3.894428253173828
2413,2196,2,9,3.86834979057312
2414,2196,22,32,3.277834415435791
2415,2197,2,9,3.968247175216675
2416,2197,22,32,3.8534326553344727
2417,2198,2,9,3.773683547973633
2418,2198,22,32,3.8185620307922363
2419,2199,2,9,3.4259843826293945
2420,2199,22,32,3.839627742767334
2421,2200,22,32,4.067893981933594
2422,2201,22,32,3.382049560546875
2423,2202,2,9,3.9892349243164062
2424,2202,22,32,3.5713889598846436
2425,2203,2,9,3.790437936782837
2426,2203,22,32,3.4222655296325684
2427,2204,2,9,3.946343421936035
2428,2204,22,32,3.650174140930176
2429,2205,2,9,3.846353769302368
2430,2205,22,32,3.2875494956970215
2431,2206,2,9,3.8037233352661133
2432,2206,22,32,3.657909393310547
2433,2207,2,9,3.6237475872039795
2434,2207,22,32,3.7604422569274902
2435,2208,2,9,3.907104730606079
2436,2208,22,32,3.993211507797241
2437,2209,2,9,3.74068284034729
2438,2209,22,32,3.6645209789276123
2439,2210,2,9,3.3286561965942383
2440,2210,22,32,3.931337833404541
2441,2211,2,9,3.952739953994751
2442,2211,22,32,3.338402509689331
2443,2212,2,9,4.009580135345459
2444,2212,16,22,3.8331263065338135
2445,2213,2,9,3.363345146179199
2446,2213,16,22,3.4631574153900146
2447,2214,2,9,3.3982086181640625
2448,2214,22,32,3.623049736022949
2449,2215,2,9,3.5093631744384766
2450,2215,22,32,3.663999319076538
2451,2216,2,9,3.599740982055664
2452,2216,22,32,3.7897284030914307
2453,2217,2,9,3.347501516342163
2454,2217,22,32,3.72516131401062
2455,2218,2,9,3.5068228244781494
2456,2218,22,32,4.020106315612793
2457,2219,2,9,3.8069801330566406
2458,2219,22,32,3.6738996505737305
2459,2220,2,9,3.8200175762176514
2460,2220,22,32,3.7511751651763916
2461,2221,22,32,3.5704731941223145
2462,2222,22,32,4.190064907073975
2463,2223,2,32,3.567190647125244
2464,2224,2,32,3.700768232345581
2465,2225,2,32,3.5417346954345703
2466,2226,2,32,3.746584892272949
2467,2227,2,32,3.864725112915039
2468,2228,2,32,4.002901554107666
2469,2229,2,32,3.691065788269043
2470,2229,16,22,4.011021137237549
2471,2230,2,32,3.4157516956329346
2472,2231,2,32,3.9699511528015137
2473,2231,9,22,4.106348514556885
2474,2232,2,32,4.0284223556518555
2475,2232,9,22,3.4071474075317383
2476,2233,2,32,3.9664382934570312
2477,2233,9,22,3.3370978832244873
2478,2233,16,17,4.065907001495361
2479,2234,9,22,3.8069229125976562
2480,2235,2,17,3.37214732170105
2481,2235,2,32,4.369925022125244
2482,2235,9,22,3.40264892578125
2483,2236,2,32,3.954354763031006
2484,2236,9,22,3.743220806121826
2485,2237,2,32,3.5849428176879883
2486,2237,17,22,3.4847846031188965
2487,2238,2,32,3.5062618255615234
2488,2238,9,22,3.518939971923828
2489,2239,9,22,3.721879482269287
2490,2240,9,16,3.9055581092834473
2491,2240,22,32,3.8899996280670166
2492,2241,9,16,4.297092437744141
2493,2241,22,32,3.9492745399475098
2494,2242,9,16,3.9680116176605225
2495,2242,22,32,3.9508326053619385
2496,2243,9,16,3.375636577606201
2497,2243,22,32,3.5570690631866455
2498,2244,9,16,3.666184186935425
2499,2244,22,32,3.6307432651519775
2500,2245,9,16,3.57210636138916
2501,2245,22,32,3.724090099334717
2502,2246,9,17,3.901998281478882
2503,2246,22,32,3.656493902206421
2504,2247,9,17,3.3408892154693604
2505,2247,22,32,3.80820631980896
2506,2248,9,17,3.906169891357422
2507,2248,22,32,4.102640628814697
2508,2249,9,17,3.8712456226348877
2509,2249,22,32,3.4692037105560303
2510,2250,9,17,4.068737983703613
2511,2250,22,32,4.088714122772217
2512,2251,9,17,3.7927324771881104
2513,2251,22,32,3.233762741088867
2514,2252,9,17,3.5173497200012207
2515,2252,22,32,3.5842714309692383
2516,2253,9,17,3.7172834873199463
2517,2253,22,32,4.123149871826172
2518,2254,9,17,4.250636100769043
2519,2254,22,32,4.141643524169922
2520,2255,9,17,3.412403106689453
2521,2255,22,32,3.833287239074707
2522,2256,9,17,3.4835164546966553
2523,2256,22,32,3.830357074737549
2524,2257,9,17,3.4829235076904297
2525,2257,22,32,3.677154541015625
2526,2258,9,17,4.011938095092773
2527,2258,22,32,3.448361396789551
2528,2259,9,17,3.6500940322875977
2529,2259,22,32,4.090207099914551
2530,2260,2,32,4.037682056427002
2531,2260,9,17,3.813567638397217
2532,2261,2,32,3.745779275894165
2533,2261,9,17,3.4125680923461914
2534,2262,16,22,3.517425298690796
2535,2263,2,32,3.890850067138672
2536,2263,9,17,3.6947479248046875
2537,2263,16,22,3.474318504333496
2538,2264,2,32,3.91703462600708
2539,2264,16,22,3.3549091815948486
2540,2265,2,32,3.6812751293182373
2541,2265,9,16,3.696678638458252
2542,2266,2,32,3.9311349391937256
2543,2266,9,17,3.592228651046753
2544,2267,9,17,3.481684923171997
2545,2267,22,32,3.4904849529266357
2546,2268,9,17,3.931452989578247
2547,2268,16,32,3.8276889324188232
2548,2269,9,17,4.101735591888428
2549,2269,16,32,3.70900559425354
2550,2270,16,32,3.9343924522399902
2551,2271,16,32,4.061784744262695
2552,2272,16,32,3.8293910026550293
2553,2273,2,22,4.0848612785339355
2554,2273,17,32,3.8789474964141846
2555,2274,2,22,4.012259483337402
2556,2274,17,32,4.021783351898193
2557,2275,16,32,3.8101398944854736
2558,2276,2,9,3.4907991886138916
2559,2276,16,32,3.7423527240753174
2560,2277,16,17,4.332905292510986
2561,2277,16,32,3.659074544906616
2562,2277,17,22,4.071377277374268
2563,2277,22,32,4.428802967071533
2564,2278,17,32,3.552868127822876
2565,2279,17,32,3.9584779739379883
2566,2280,9,22,3.7221319675445557
2567,2280,17,32,3.6515209674835205
2568,2281,9,22,3.646404504776001
2569,2281,17,32,3.9966235160827637
2570,2282,9,22,4.050120830535889
2571,2282,17,32,3.6751201152801514
2572,2283,17,32,3.5814461708068848
2573,2284,2,9,3.917011260986328
2574,2284,22,32,3.233720064163208
2575,2285,22,32,4.0467529296875
2576,2286,22,32,3.5733888149261475
2577,2287,22,32,4.031955718994141
2578,2288,22,32,3.929598808288574
2579,2289,22,32,4.13500452041626
2580,2290,2,9,3.8037145137786865
2581,2290,22,32,3.446784496307373
2582,2291,2,9,3.4043068885803223
2583,2291,22,32,3.6032752990722656
2584,2292,2,9,3.5392796993255615
2585,2292,22,32,3.315056800842285
2586,2293,2,9,3.6257190704345703
2587,2293,22,32,3.752150297164917
2588,2294,2,9,3.872558832168579
2589,2294,22,32,3.7765958309173584
2590,2295,2,9,3.5286946296691895
2591,2295,22,32,3.9322314262390137
2592,2296,2,9,3.940422773361206
2593,2296,16,32,3.391633987426758
2594,2297,2,9,3.6221604347229004
2595,2297,22,32,3.8293871879577637
2596,2298,16,32,3.9704933166503906
2597,2299,2,9,4.00999116897583
2598,2299,22,32,3.81589674949646
2599,2300,2,9,3.324033498764038
2600,2300,16,32,3.55971360206604
2601,2301,2,9,3.8511736392974854
2602,2301,22,32,3.8838272094726562
2603,2302,2,9,4.089348793029785
2604,2302,22,32,3.5586464405059814
2605,2303,2,9,4.018032550811768
2606,2303,16,22,3.682417869567871
2607,2304,2,9,4.143246173858643
2608,2304,16,32,3.569378614425659
2609,2305,2,9,4.079031467437744
2610,2305,16,32,3.6737866401672363
2611,2305,22,32,4.43311071395874
2612,2306,16,22,3.7408225536346436
2613,2306,16,32,4.458085060119629
2614,2306,22,32,4.364696025848389
2615,2307,16,32,3.533836841583252
2616,2308,16,32,3.52980899810791
2617,2309,16,32,3.3784823417663574
2618,2309,22,32,4.421133518218994
2619,2310,9,32,3.656188488006592
2620,2310,16,22,4.121057033538818
2621,2311,9,32,3.9983859062194824
2622,2312,16,22,3.6625473499298096
2623,2313,9,32,4.017406463623047
2624,2313,16,22,3.4766530990600586
2625,2314,9,32,3.7661962509155273
2626,2314,16,22,3.353783369064331
2627,2315,9,32,3.6405632495880127
2628,2315,16,22,4.0513176918029785
2629,2316,9,32,3.7848973274230957
2630,2317,9,32,3.526339292526245
2631,2318,9,32,4.007890701293945
2632,2320,2,17,3.4020817279815674
2633,2320,9,32,3.7366373538970947
2634,2321,2,17,3.4231724739074707
2635,2321,9,32,3.412903308868408
2636,2322,2,17,3.6471452713012695
2637,2322,9,32,3.896383762359619
2638,2323,16,32,3.706496477127075
2639,2323,17,22,3.5485620498657227
2640,2324,16,32,3.928234577178955
2641,2324,17,22,3.285083532333374
2642,2325,17,32,3.6116952896118164
2643,2326,2,22,3.801426649093628
2644,2326,17,32,3.4890758991241455
2645,2327,2,22,3.9209914207458496
2646,2327,16,32,3.6070618629455566
2647,2328,2,22,4.081531524658203
2648,2328,16,32,4.018718719482422
2649,2329,2,22,3.9520609378814697
2650,2329,9,16,4.158486366271973
2651,2330,2,22,3.400097608566284
2652,2330,9,16,3.6185102462768555
2653,2330,17,32,3.4252419471740723
2654,2331,2,22,4.060312747955322
2655,2331,9,16,4.091568946838379
2656,2331,17,32,3.9696083068847656
2657,2332,2,22,3.8213183879852295
2658,2332,9,16,3.3619139194488525
2659,2332,17,32,3.731333017349243
2660,2333,2,22,3.807002544403076
2661,2333,9,16,3.8928487300872803
2662,2333,17,32,3.6706886291503906
2663,2334,2,22,3.6323184967041016
2664,2334,9,16,3.334202766418457
2665,2334,17,32,4.0735249519348145
2666,2335,2,22,3.4668776988983154
2667,2335,9,16,3.594184160232544
2668,2335,17,32,3.3564462661743164
2669,2336,2,22,3.998987913131714
2670,2336,17,32,3.3001346588134766
2671,2337,2,22,3.691711187362671
2672,2337,9,16,3.9626305103302
2673,2337,17,32,3.7685563564300537
2674,2338,2,22,3.2475385665893555
2675,2338,9,16,4.022623062133789
2676,2338,16,17,4.383045196533203
2677,2338,17,32,4.004640102386475
2678,2339,9,17,3.7677035331726074
2679,2339,22,32,3.5550520420074463
2680,2340,9,17,3.4371705055236816
2681,2340,22,32,3.860610246658325
2682,2341,2,22,4.156686305999756
2683,2341,9,32,3.9185328483581543
2684,2342,22,32,3.6364586353302
2685,2343,9,17,4.053602695465088
2686,2343,22,32,3.7205970287323
2687,2344,9,17,3.9445507526397705
2688,2345,9,17,3.564011812210083
2689,2345,22,32,3.4824206829071045
2690,2346,9,17,3.954806089401245
2691,2346,22,32,3.5805952548980713
2692,2347,9,17,3.9764111042022705
2693,2347,22,32,3.230506181716919
2694,2348,9,17,3.418858528137207
2695,2348,22,32,4.015899181365967
2696,2349,9,16,3.6726396083831787
2697,2349,22,32,4.016175746917725
2698,2350,2,22,4.10785436630249
2699,2350,9,22,4.4013895988464355
2700,2350,9,32,3.8857007026672363
2701,2351,9,22,4.073061943054199
2702,2352,9,22,3.848507881164551
2703,2353,9,22,3.6031877994537354
2704,2353,9,32,3.3631179332733154
2705,2354,22,32,4.067594528198242
2706,2355,9,16,3.726714611053467
2707,2355,22,32,3.819617509841919
2708,2356,9,16,3.5341358184814453
2709,2356,22,32,4.062997817993164
2710,2357,9,16,4.074140548706055
2711,2357,22,32,4.0512614250183105
2712,2358,2,22,4.0696563720703125
2713,2358,9,32,3.454366683959961
2714,2359,2,22,3.7040867805480957
2715,2360,2,22,4.064496040344238
2716,2360,9,32,3.573697566986084
2717,2361,2,22,3.469663619995117
2718,2361,9,32,4.115884780883789
2719,2362,2,22,3.8403139114379883
2720,2362,9,32,3.8960180282592773
2721,2363,2,22,4.064842224121094
2722,2363,9,32,3.8512675762176514
2723,2364,2,22,4.1603288650512695
2724,2364,9,32,3.971226692199707
2725,2365,9,32,3.9581997394561768
2726,2366,2,22,3.7245707511901855
2727,2366,9,32,4.001142501831055
2728,2367,2,9,4.297823905944824
2729,2367,2,22,3.5656304359436035
2730,2367,9,22,3.4477555751800537
2731,2367,9,32,3.6882197856903076
2732,2368,9,22,3.3064334392547607
2733,2369,9,32,3.5483920574188232
2734,2370,9,22,3.7034995555877686
2735,2371,22,32,3.6857786178588867
2736,2372,9,16,4.064364433288574
2737,2372,22,32,3.5279946327209473
2738,2373,22,32,3.9459612369537354
2739,2374,22,32,4.067134857177734
2740,2375,22,32,3.8463478088378906
2741,2376,22,32,3.4506146907806396
2742,2377,9,32,3.7887187004089355
2743,2378,9,17,3.7986316680908203
2744,2378,22,32,3.6612114906311035
2745,2379,9,17,3.578031063079834
2746,2379,22,32,4.130091190338135
2747,2380,9,22,3.9495561122894287
2748,2381,22,32,3.9748127460479736
2749,2382,2,17,3.9112093448638916
2750,2382,9,22,3.707481861114502
2751,2383,2,17,3.559976100921631
2752,2383,9,32,3.660435438156128
2753,2384,2,17,3.991276979446411
2754,2384,22,32,3.8376545906066895
2755,2385,2,17,3.4912326335906982
2756,2385,22,32,3.506021022796631
2757,2386,2,17,3.8300983905792236
2758,2386,22,32,3.628903388977051
2759,2387,2,17,3.5242040157318115
2760,2387,9,32,3.321887969970703
2761,2388,2,17,3.781937599182129
2762,2388,9,32,3.9932899475097656
2763,2389,2,17,3.765068769454956
2764,2389,9,32,3.4775638580322266
2765,2390,2,9,3.4756343364715576
2766,2390,22,32,3.3795182704925537
2767,2391,2,9,3.743468761444092
2768,2391,22,32,3.373288154602051
2769,2392,2,9,3.6078224182128906
2770,2392,22,32,3.7672529220581055
2771,2393,2,9,4.061440467834473
2772,2393,22,32,3.824033260345459
2773,2394,2,9,3.6026182174682617
2774,2394,22,32,4.005918979644775
2775,2395,22,32,4.062568664550781
2776,2396,2,17,4.020076751708984
2777,2396,22,32,3.664316177368164
2778,2397,2,16,4.058125972747803
2779,2397,22,32,3.693650960922241
2780,2398,2,16,3.8731307983398438
2781,2398,22,32,3.6020374298095703
2782,2399,2,16,3.5748798847198486
2783,2399,22,32,4.06550931930542
2784,2400,2,16,3.5298728942871094
2785,2400,22,32,3.9169609546661377
2786,2401,22,32,3.4632880687713623
2787,2402,2,16,3.6752114295959473
2788,2402,22,32,4.144576549530029
2789,2403,2,17,3.907224416732788
2790,2403,22,32,3.8297715187072754
2791,2404,2,17,3.6304123401641846
2792,2404,22,32,3.4691481590270996
2793,2405,9,32,4.044148921966553
2794,2406,2,16,4.040177822113037
2795,2406,22,32,3.7395694255828857
2796,2407,2,16,4.005535125732422
2797,2407,22,32,3.9224045276641846
2798,2408,2,16,3.8835599422454834
2799,2408,22,32,3.607714891433716
2800,2409,2,16,3.6935040950775146
2801,2409,22,32,3.4772536754608154
2802,2410,2,17,3.994381904602051
2803,2410,9,32,3.6114182472229004
2804,2411,2,17,3.6737582683563232
2805,2411,22,32,4.346523761749268
2806,2412,2,17,3.836223602294922
2807,2412,22,32,3.7865264415740967
2808,2413,2,17,3.7313010692596436
2809,2413,22,32,4.101081848144531
2810,2414,2,17,3.9583444595336914
2811,2414,22,32,3.855536937713623
2812,2415,2,17,3.153998613357544
2813,2415,22,32,4.010047435760498
2814,2416,2,17,3.8803985118865967
2815,2416,22,32,3.5764811038970947
2816,2417,2,17,3.9644296169281006
2817,2417,22,32,3.8169236183166504
2818,2418,2,17,4.185385227203369
2819,2418,22,32,4.01741361618042
2820,2419,2,17,3.681476593017578
2821,2419,22,32,3.8711256980895996
2822,2420,22,32,3.899118185043335
2823,2421,2,17,3.9751265048980713
2824,2421,22,32,3.4546797275543213
2825,2422,2,17,3.833646297454834
2826,2422,22,32,4.106244087219238
2827,2423,2,17,3.965465545654297
2828,2423,22,32,3.5968923568725586
2829,2424,2,17,3.3273494243621826
2830,2424,22,32,3.844133138656616
2831,2425,2,17,3.773167371749878
2832,2425,22,32,3.5492191314697266
2833,2426,2,17,4.378066539764404
2834,2426,22,32,3.4499833583831787
2835,2427,2,17,4.025608539581299
2836,2427,22,32,3.87180495262146
2837,2428,2,16,4.156750202178955
2838,2429,2,17,4.029506206512451
2839,2429,9,16,3.4792492389678955
2840,2429,22,32,4.04109001159668
2841,2430,2,17,3.972338914871216
2842,2430,22,32,3.862635850906372
2843,2431,22,32,3.3678603172302246
2844,2432,22,32,3.8852767944335938
2845,2433,22,32,3.6507129669189453
2846,2434,22,32,3.893984794616699
2847,2435,2,22,3.804063320159912
2848,2435,2,32,4.337278366088867
2849,2435,9,16,4.007790565490723
2850,2436,9,17,3.8577539920806885
2851,2436,22,32,3.614948034286499
2852,2437,9,16,4.1112470626831055
2853,2437,22,32,3.827423334121704
2854,2438,9,16,3.7749972343444824
2855,2438,22,32,3.789551019668579
2856,2439,9,16,3.735851287841797
2857,2439,22,32,3.5204057693481445
2858,2440,22,32,3.6078977584838867
2859,2441,22,32,4.0503435134887695
2860,2442,22,32,3.8803300857543945
2861,2443,9,16,3.579472541809082
2862,2443,22,32,3.9916725158691406
2863,2444,9,16,4.054880619049072
2864,2444,22,32,3.708524703979492
2865,2445,9,17,3.413910150527954
2866,2445,22,32,3.761117696762085
2867,2446,9,17,3.3605434894561768
2868,2446,22,32,3.729970932006836
2869,2447,9,17,4.005977630615234
2870,2447,22,32,3.9005420207977295
2871,2448,9,17,4.0033674240112305
2872,2448,22,32,3.385457754135132
2873,2449,9,17,4.045445442199707
2874,2449,22,32,3.5841009616851807
2875,2450,9,17,3.4776580333709717
2876,2450,22,32,3.6721537113189697
2877,2451,9,17,3.604401111602783
2878,2451,22,32,3.8798484802246094
2879,2452,22,32,3.3539321422576904
2880,2453,9,17,3.9322586059570312
2881,2453,22,32,3.7917449474334717
2882,2454,9,16,3.544950485229492
2883,2454,22,32,3.947627305984497
2884,2455,9,16,3.6056394577026367
2885,2455,22,32,4.0557122230529785
2886,2456,9,17,3.841543197631836
2887,2456,22,32,3.783294677734375
2888,2457,9,17,3.441274404525757
2889,2457,22,32,3.3644330501556396
2890,2458,9,17,3.7992477416992188
2891,2458,22,32,3.924996852874756
2892,2459,9,17,3.5479488372802734
2893,2459,22,32,3.595470666885376
2894,2460,9,17,3.752101421356201
2895,2460,22,32,3.9568183422088623
2896,2461,9,17,3.9010844230651855
2897,2461,22,32,3.8390588760375977
2898,2462,9,17,3.6611812114715576
2899,2462,22,32,3.9873931407928467
2900,2463,9,17,3.6098902225494385
2901,2463,22,32,3.668053150177002
2902,2464,9,17,4.088482856750488
2903,2464,22,32,4.052794456481934
2904,2465,9,17,3.1078929901123047
2905,2465,22,32,3.6379237174987793
2906,2466,9,17,3.8494436740875244
2907,2466,22,32,3.891979694366455
2908,2467,9,17,3.7464792728424072
2909,2467,22,32,3.547109365463257
2910,2468,9,17,4.010571479797363
2911,2468,22,32,3.4890201091766357
2912,2469,9,17,3.944052219390869
2913,2469,22,32,3.4769701957702637
2914,2470,9,17,3.8599443435668945
2915,2470,22,32,3.8726646900177
2916,2471,9,17,3.825007915496826
2917,2471,22,32,3.752333402633667
2918,2472,9,17,3.8921666145324707
2919,2472,22,32,3.662714719772339
2920,2473,9,17,4.057816505432129
2921,2473,22,32,3.9951906204223633
2922,2474,9,17,3.7156121730804443
2923,2474,22,32,3.8405473232269287
2924,2475,9,17,3.4779107570648193
2925,2475,22,32,3.9652347564697266
2926,2476,9,17,3.7269508838653564
2927,2476,22,32,3.638848066329956
2928,2477,9,17,3.8630874156951904
2929,2477,22,32,3.6450142860412598
2930,2478,9,17,3.797698974609375
2931,2478,22,32,3.631254196166992
2932,2479,9,17,3.975525379180908
2933,2479,22,32,3.7540700435638428
2934,2480,9,17,3.8128299713134766
2935,2480,22,32,3.9870858192443848
2936,2481,9,17,3.577838897705078
2937,2481,22,32,3.8716304302215576
2938,2482,22,32,3.8194777965545654
2939,2483,22,32,3.8450076580047607
2940,2484,22,32,4.012810230255127
2941,2485,22,32,3.75980281829834
2942,2486,22,32,4.074981689453125
2943,2487,9,17,3.908730983734131
2944,2487,22,32,3.9113519191741943
2945,2488,9,17,3.642028331756592
2946,2488,22,32,3.694340229034424
2947,2489,9,17,3.532566785812378
2948,2489,22,32,3.3574724197387695
2949,2490,9,17,3.9030332565307617
2950,2490,22,32,3.8229615688323975
2951,2491,9,17,3.4997239112854004
2952,2491,22,32,3.7924039363861084
2953,2492,9,17,3.508554220199585
2954,2492,22,32,3.5213663578033447
2955,2493,9,17,4.107025623321533
2956,2493,22,32,3.7784368991851807
2957,2494,9,17,4.051013946533203
2958,2494,22,32,3.506260395050049
2959,2495,22,32,3.4892454147338867
2960,2496,22,32,3.9773712158203125
2961,2497,9,17,4.056386947631836
2962,2497,22,32,4.087470054626465
2963,2498,9,17,3.6863558292388916
2964,2498,22,32,3.6907131671905518
2965,2499,9,17,3.539072275161743
2966,2499,22,32,4.0912675857543945
